Timestamp,Container_ID,Cargo_Type,Origin,Destination,Temperature_C,Humidity_Percent,Vibration_Level,Distance_Remaining_km,Spoilage_Risk,Recommended_Action,Alert_Status
2026-08-07 16:50:25.190705,CONT_002,Seafood,Vizag,Mumbai,3.12,70.06,0.042,1173.02,Low,Continue Monitoring,Normal
2026-08-07 16:50:26.197359,CONT_003,Dairy,Bengaluru,Pune,4.89,76.17,0.095,683.39,High,Immediate Inspection,Critical
2026-08-07 16:50:27.199037,CONT_001,Vaccines,Hyderabad,Chennai,5.67,87.58,0.025,1002.57,Medium,Check Cooling System,Warning
2026-08-07 16:50:28.202023,CONT_004,Fruits,Nagpur,Delhi,5.63,89.55,0.014,20.89,Medium,Check Cooling System,Warning
2026-08-07 16:50:29.204595,CONT_003,Dairy,Bengaluru,Pune,2.12,89.83,0.036,1466.73,Low,Continue Monitoring,Normal
2026-08-07 16:50:30.206842,CONT_003,Dairy,Bengaluru,Pune,1.67,76.06,0.013,1050.81,Low,Continue Monitoring,Normal
2026-08-07 16:50:31.208374,CONT_003,Dairy,Bengaluru,Pune,1.95,60.23,0.023,276.43,Low,Continue Monitoring,Normal
2026-08-07 16:50:32.209929,CONT_003,Dairy,Bengaluru,Pune,4.82,85.21,0.063,1440.75,Medium,Check Cooling System,Warning
2026-08-07 16:50:33.213032,CONT_004,Fruits,Nagpur,Delhi,6.33,63.18,0.095,422.36,High,Immediate Inspection,Critical
2026-08-07 17:10:03.189875,CONT_003,Dairy,Bengaluru,Pune,3.27,80.12,0.051,756.24,Medium,Check Cooling System,Warning
2026-08-07 17:10:04.192459,CONT_004,Fruits,Nagpur,Delhi,5.5,83.94,0.023,350.03,Medium,Check Cooling System,Warning
2026-08-07 17:10:05.194196,CONT_001,Vaccines,Hyderabad,Chennai,6.59,87.96,0.034,204.59,Medium,Check Cooling System,Warning
2026-08-07 17:10:06.196525,CONT_002,Seafood,Vizag,Mumbai,2.52,73.18,0.075,620.26,Medium,Check Cooling System,Warning
2026-08-07 17:10:07.198545,CONT_003,Dairy,Bengaluru,Pune,1.13,73.44,0.064,873.36,Medium,Check Cooling System,Warning
2026-08-07 17:10:08.201239,CONT_004,Fruits,Nagpur,Delhi,10.59,64.27,0.03,1143.95,High,Immediate Inspection,Critical
2026-08-07 17:10:09.203910,CONT_002,Seafood,Vizag,Mumbai,1.54,60.35,0.089,221.6,High,Immediate Inspection,Critical
2026-08-07 17:10:10.206216,CONT_001,Vaccines,Hyderabad,Chennai,5.0,77.02,0.076,1380.85,Medium,Check Cooling System,Warning
2026-08-07 17:10:11.208135,CONT_001,Vaccines,Hyderabad,Chennai,5.4,83.32,0.014,879.23,Medium,Check Cooling System,Warning
2026-08-07 17:10:12.210626,CONT_001,Vaccines,Hyderabad,Chennai,4.56,89.53,0.03,379.66,Low,Continue Monitoring,Normal
2026-08-07 17:10:13.212599,CONT_001,Vaccines,Hyderabad,Chennai,2.51,66.97,0.082,840.04,High,Immediate Inspection,Critical
2026-08-07 17:10:14.214998,CONT_002,Seafood,Vizag,Mumbai,1.28,73.07,0.037,614.25,Low,Continue Monitoring,Normal
2026-08-07 17:10:15.216714,CONT_003,Dairy,Bengaluru,Pune,3.14,88.58,0.09,503.42,High,Immediate Inspection,Critical
2026-08-07 17:10:16.218468,CONT_001,Vaccines,Hyderabad,Chennai,2.09,86.18,0.094,1073.46,High,Immediate Inspection,Critical
2026-08-07 17:10:17.220286,CONT_003,Dairy,Bengaluru,Pune,1.19,71.48,0.041,1167.73,Low,Continue Monitoring,Normal
2026-08-07 17:10:18.222140,CONT_001,Vaccines,Hyderabad,Chennai,2.77,76.87,0.067,1199.86,Medium,Check Cooling System,Warning
2026-08-07 17:10:19.224750,CONT_003,Dairy,Bengaluru,Pune,1.79,85.86,0.032,1025.54,Low,Continue Monitoring,Normal
2026-08-07 17:10:20.226931,CONT_003,Dairy,Bengaluru,Pune,4.46,73.11,0.019,236.81,Low,Continue Monitoring,Normal
2026-08-07 17:10:21.230010,CONT_004,Fruits,Nagpur,Delhi,10.13,88.7,0.057,1195.68,High,Immediate Inspection,Critical
2026-08-07 17:10:22.232598,CONT_004,Fruits,Nagpur,Delhi,8.99,76.81,0.04,1192.8,High,Immediate Inspection,Critical
2026-08-07 17:10:23.234294,CONT_004,Fruits,Nagpur,Delhi,11.77,75.4,0.034,1258.76,High,Immediate Inspection,Critical
2026-08-07 17:10:24.236065,CONT_001,Vaccines,Hyderabad,Chennai,3.31,69.32,0.056,433.83,Medium,Check Cooling System,Warning
2026-08-07 17:10:25.237965,CONT_003,Dairy,Bengaluru,Pune,3.68,75.57,0.075,802.03,Medium,Check Cooling System,Warning
2026-08-07 17:10:26.239730,CONT_002,Seafood,Vizag,Mumbai,0.88,84.11,0.064,406.19,Medium,Check Cooling System,Warning
2026-08-07 17:10:27.241364,CONT_001,Vaccines,Hyderabad,Chennai,3.89,74.71,0.091,477.24,High,Immediate Inspection,Critical
2026-08-07 17:10:28.244102,CONT_001,Vaccines,Hyderabad,Chennai,2.29,87.73,0.055,190.06,Medium,Check Cooling System,Warning
2026-08-07 17:10:29.245906,CONT_004,Fruits,Nagpur,Delhi,4.96,68.44,0.027,497.49,Low,Continue Monitoring,Normal
2026-08-07 17:10:30.248006,CONT_003,Dairy,Bengaluru,Pune,1.55,79.71,0.059,743.72,Medium,Check Cooling System,Warning
2026-08-07 17:10:31.250061,CONT_002,Seafood,Vizag,Mumbai,-0.07,74.29,0.048,457.38,Low,Continue Monitoring,Normal
2026-08-07 17:10:32.252428,CONT_002,Seafood,Vizag,Mumbai,0.98,80.82,0.031,494.87,Low,Continue Monitoring,Normal
2026-08-07 17:10:33.254212,CONT_004,Fruits,Nagpur,Delhi,11.27,80.44,0.07,593.52,High,Immediate Inspection,Critical
2026-08-07 17:10:34.256049,CONT_002,Seafood,Vizag,Mumbai,-0.1,85.49,0.058,954.8,Medium,Check Cooling System,Warning
2026-08-07 17:10:35.258616,CONT_004,Fruits,Nagpur,Delhi,11.7,79.33,0.062,100.96,High,Immediate Inspection,Critical
2026-08-07 17:10:36.260721,CONT_002,Seafood,Vizag,Mumbai,1.08,82.18,0.095,960.45,High,Immediate Inspection,Critical
2026-08-07 17:10:37.262351,CONT_002,Seafood,Vizag,Mumbai,3.34,70.23,0.082,823.81,High,Immediate Inspection,Critical
2026-08-07 17:10:38.264042,CONT_003,Dairy,Bengaluru,Pune,3.64,74.17,0.095,568.86,High,Immediate Inspection,Critical
2026-08-07 17:10:39.266141,CONT_001,Vaccines,Hyderabad,Chennai,7.73,61.66,0.097,335.24,High,Immediate Inspection,Critical
2026-08-07 17:10:40.268082,CONT_001,Vaccines,Hyderabad,Chennai,2.66,71.25,0.023,233.06,Low,Continue Monitoring,Normal
2026-08-07 17:10:41.270039,CONT_002,Seafood,Vizag,Mumbai,3.97,66.94,0.013,226.29,Low,Continue Monitoring,Normal
2026-08-07 17:10:42.274585,CONT_002,Seafood,Vizag,Mumbai,3.64,65.14,0.032,191.02,Low,Continue Monitoring,Normal
2026-08-07 17:10:43.276535,CONT_002,Seafood,Vizag,Mumbai,0.2,84.46,0.034,610.39,Low,Continue Monitoring,Normal
2026-08-07 17:10:44.278479,CONT_003,Dairy,Bengaluru,Pune,2.5,76.82,0.078,106.64,Medium,Check Cooling System,Warning
2026-08-07 17:10:45.280383,CONT_002,Seafood,Vizag,Mumbai,0.45,89.17,0.099,1165.02,High,Immediate Inspection,Critical
2026-08-07 17:10:46.282663,CONT_001,Vaccines,Hyderabad,Chennai,7.97,81.92,0.078,1460.59,Medium,Check Cooling System,Warning
2026-08-07 17:10:47.284992,CONT_001,Vaccines,Hyderabad,Chennai,4.18,69.65,0.015,854.6,Low,Continue Monitoring,Normal
2026-08-07 17:10:48.287785,CONT_002,Seafood,Vizag,Mumbai,0.12,64.71,0.05,555.0,Low,Continue Monitoring,Normal
2026-08-07 17:10:49.289389,CONT_003,Dairy,Bengaluru,Pune,2.1,61.6,0.016,1388.58,Low,Continue Monitoring,Normal
2026-08-07 17:10:50.291416,CONT_003,Dairy,Bengaluru,Pune,4.82,76.2,0.076,1000.68,Medium,Check Cooling System,Warning
2026-08-07 17:10:51.293218,CONT_004,Fruits,Nagpur,Delhi,9.53,84.48,0.08,1430.64,High,Immediate Inspection,Critical
2026-08-07 17:10:52.295616,CONT_004,Fruits,Nagpur,Delhi,6.63,81.22,0.056,102.86,Medium,Check Cooling System,Warning
2026-08-07 17:10:53.298404,CONT_004,Fruits,Nagpur,Delhi,9.58,79.6,0.041,1241.62,High,Immediate Inspection,Critical
2026-08-07 17:10:54.299785,CONT_001,Vaccines,Hyderabad,Chennai,2.71,63.61,0.087,319.03,High,Immediate Inspection,Critical
2026-08-07 17:10:55.301307,CONT_004,Fruits,Nagpur,Delhi,11.03,82.36,0.095,1415.62,High,Immediate Inspection,Critical
2026-08-07 17:10:56.302921,CONT_002,Seafood,Vizag,Mumbai,-1.72,79.45,0.013,1331.9,Low,Continue Monitoring,Normal
2026-08-07 17:10:57.304389,CONT_003,Dairy,Bengaluru,Pune,4.56,86.28,0.054,631.84,Medium,Check Cooling System,Warning
2026-08-07 17:10:58.306452,CONT_001,Vaccines,Hyderabad,Chennai,3.86,82.38,0.089,662.88,High,Immediate Inspection,Critical
2026-08-07 17:10:59.309115,CONT_003,Dairy,Bengaluru,Pune,2.68,73.88,0.098,285.78,High,Immediate Inspection,Critical
2026-08-07 17:11:00.311280,CONT_003,Dairy,Bengaluru,Pune,3.86,75.36,0.098,389.68,High,Immediate Inspection,Critical
2026-08-07 17:11:01.313791,CONT_002,Seafood,Vizag,Mumbai,3.72,65.34,0.064,1156.3,Medium,Check Cooling System,Warning
2026-08-07 17:11:02.315558,CONT_002,Seafood,Vizag,Mumbai,-1.8,82.67,0.029,705.32,Low,Continue Monitoring,Normal
2026-08-07 17:11:03.317446,CONT_004,Fruits,Nagpur,Delhi,9.92,61.6,0.014,956.67,High,Immediate Inspection,Critical
2026-08-07 17:11:04.318936,CONT_003,Dairy,Bengaluru,Pune,1.58,64.31,0.06,55.85,Medium,Check Cooling System,Warning
2026-08-07 17:11:05.320479,CONT_001,Vaccines,Hyderabad,Chennai,5.45,84.16,0.087,1103.56,High,Immediate Inspection,Critical
2026-08-07 17:11:06.322240,CONT_003,Dairy,Bengaluru,Pune,2.24,84.21,0.085,926.49,High,Immediate Inspection,Critical
2026-08-07 17:11:07.324371,CONT_004,Fruits,Nagpur,Delhi,7.98,64.71,0.076,356.99,Medium,Check Cooling System,Warning
2026-08-07 17:11:08.325786,CONT_002,Seafood,Vizag,Mumbai,2.18,76.15,0.024,614.9,Low,Continue Monitoring,Normal
2026-08-07 17:11:09.328839,CONT_003,Dairy,Bengaluru,Pune,2.17,80.6,0.029,1490.15,Low,Continue Monitoring,Normal
2026-08-07 17:11:10.331043,CONT_002,Seafood,Vizag,Mumbai,1.51,87.69,0.018,354.65,Low,Continue Monitoring,Normal
2026-08-07 17:11:11.332552,CONT_002,Seafood,Vizag,Mumbai,-1.82,66.12,0.08,77.94,Medium,Check Cooling System,Warning
2026-08-07 17:11:12.333937,CONT_002,Seafood,Vizag,Mumbai,1.03,71.05,0.09,730.21,High,Immediate Inspection,Critical
2026-08-07 17:11:13.335961,CONT_001,Vaccines,Hyderabad,Chennai,4.39,84.34,0.053,1195.28,Medium,Check Cooling System,Warning
2026-08-07 17:11:14.337899,CONT_002,Seafood,Vizag,Mumbai,3.74,63.67,0.055,260.92,Medium,Check Cooling System,Warning
2026-08-07 17:11:15.339763,CONT_003,Dairy,Bengaluru,Pune,3.41,60.22,0.077,723.76,Medium,Check Cooling System,Warning
2026-08-07 17:11:16.342065,CONT_004,Fruits,Nagpur,Delhi,5.9,74.63,0.062,575.94,Medium,Check Cooling System,Warning
2026-08-07 17:11:17.344775,CONT_003,Dairy,Bengaluru,Pune,2.0,69.76,0.047,967.54,Low,Continue Monitoring,Normal
2026-08-07 17:11:18.346489,CONT_003,Dairy,Bengaluru,Pune,1.33,77.04,0.09,680.25,High,Immediate Inspection,Critical
2026-08-07 17:11:19.348339,CONT_002,Seafood,Vizag,Mumbai,-0.36,81.56,0.055,947.38,Medium,Check Cooling System,Warning
2026-08-07 17:11:20.350047,CONT_002,Seafood,Vizag,Mumbai,-0.2,88.14,0.038,258.91,Low,Continue Monitoring,Normal
2026-08-07 17:11:21.351755,CONT_003,Dairy,Bengaluru,Pune,3.47,87.28,0.083,1349.67,High,Immediate Inspection,Critical
2026-08-07 17:11:22.353405,CONT_001,Vaccines,Hyderabad,Chennai,5.25,71.6,0.036,164.44,Medium,Check Cooling System,Warning
2026-08-07 17:11:23.355245,CONT_002,Seafood,Vizag,Mumbai,-1.27,64.65,0.026,729.14,Low,Continue Monitoring,Normal
2026-08-07 17:11:24.356807,CONT_001,Vaccines,Hyderabad,Chennai,4.59,75.53,0.086,112.52,High,Immediate Inspection,Critical
2026-08-07 17:11:25.359478,CONT_003,Dairy,Bengaluru,Pune,4.81,66.45,0.075,844.58,Medium,Check Cooling System,Warning
2026-08-07 17:11:26.362153,CONT_004,Fruits,Nagpur,Delhi,6.15,73.92,0.017,594.61,Medium,Check Cooling System,Warning
2026-08-07 17:11:27.364200,CONT_002,Seafood,Vizag,Mumbai,1.44,82.97,0.058,951.44,Medium,Check Cooling System,Warning
2026-08-07 17:11:28.366090,CONT_004,Fruits,Nagpur,Delhi,7.62,89.49,0.036,168.32,Medium,Check Cooling System,Warning
2026-08-07 17:11:29.367881,CONT_002,Seafood,Vizag,Mumbai,1.76,62.21,0.056,1456.23,Medium,Check Cooling System,Warning
2026-08-07 17:11:30.369736,CONT_002,Seafood,Vizag,Mumbai,2.81,70.42,0.075,164.79,Medium,Check Cooling System,Warning
2026-08-07 17:11:31.371440,CONT_001,Vaccines,Hyderabad,Chennai,7.32,80.36,0.023,1445.13,Medium,Check Cooling System,Warning
2026-08-07 17:11:32.373966,CONT_003,Dairy,Bengaluru,Pune,2.98,68.11,0.05,330.57,Low,Continue Monitoring,Normal
2026-08-07 17:11:33.376062,CONT_001,Vaccines,Hyderabad,Chennai,3.54,89.01,0.032,313.41,Low,Continue Monitoring,Normal
2026-08-07 17:11:34.378176,CONT_002,Seafood,Vizag,Mumbai,3.91,88.1,0.029,460.05,Low,Continue Monitoring,Normal
2026-08-07 17:11:35.380528,CONT_002,Seafood,Vizag,Mumbai,0.87,81.42,0.053,32.6,Medium,Check Cooling System,Warning
2026-08-07 17:11:36.382769,CONT_003,Dairy,Bengaluru,Pune,1.02,66.63,0.015,1000.4,Low,Continue Monitoring,Normal
2026-08-07 17:11:37.392683,CONT_001,Vaccines,Hyderabad,Chennai,4.8,76.35,0.014,1177.8,Low,Continue Monitoring,Normal
2026-08-07 17:11:38.404917,CONT_003,Dairy,Bengaluru,Pune,3.21,78.71,0.086,1479.42,High,Immediate Inspection,Critical
2026-08-07 17:11:39.406452,CONT_001,Vaccines,Hyderabad,Chennai,6.92,83.02,0.045,217.15,Medium,Check Cooling System,Warning
2026-08-07 17:11:40.408182,CONT_001,Vaccines,Hyderabad,Chennai,5.34,70.49,0.059,249.28,Medium,Check Cooling System,Warning
2026-08-07 17:11:41.409541,CONT_004,Fruits,Nagpur,Delhi,6.77,63.63,0.03,226.5,Medium,Check Cooling System,Warning
2026-08-07 17:11:42.411020,CONT_004,Fruits,Nagpur,Delhi,4.92,68.06,0.013,953.33,Low,Continue Monitoring,Normal
2026-08-07 17:11:43.413173,CONT_001,Vaccines,Hyderabad,Chennai,2.5,62.54,0.088,850.15,High,Immediate Inspection,Critical
2026-08-07 17:11:44.415022,CONT_001,Vaccines,Hyderabad,Chennai,3.27,71.05,0.02,325.05,Low,Continue Monitoring,Normal
2026-08-07 17:11:45.416564,CONT_003,Dairy,Bengaluru,Pune,1.67,82.67,0.075,225.08,Medium,Check Cooling System,Warning
2026-08-07 17:11:46.419158,CONT_002,Seafood,Vizag,Mumbai,0.86,74.88,0.097,717.67,High,Immediate Inspection,Critical
2026-08-07 17:11:47.421113,CONT_004,Fruits,Nagpur,Delhi,10.35,85.27,0.042,880.26,High,Immediate Inspection,Critical
2026-08-07 17:11:48.423039,CONT_002,Seafood,Vizag,Mumbai,-1.02,83.39,0.012,1000.97,Low,Continue Monitoring,Normal
2026-08-07 17:11:49.424813,CONT_004,Fruits,Nagpur,Delhi,5.88,88.93,0.094,168.38,High,Immediate Inspection,Critical
2026-08-07 17:11:50.426347,CONT_003,Dairy,Bengaluru,Pune,3.23,79.63,0.09,1384.04,High,Immediate Inspection,Critical
2026-08-07 17:11:51.428818,CONT_002,Seafood,Vizag,Mumbai,2.13,60.65,0.044,997.7,Low,Continue Monitoring,Normal
2026-08-07 17:11:52.430641,CONT_003,Dairy,Bengaluru,Pune,3.52,66.79,0.097,485.23,High,Immediate Inspection,Critical
2026-08-07 17:11:53.432302,CONT_002,Seafood,Vizag,Mumbai,2.43,77.12,0.063,1321.48,Medium,Check Cooling System,Warning
2026-08-07 17:11:54.433739,CONT_001,Vaccines,Hyderabad,Chennai,3.27,70.2,0.081,901.04,High,Immediate Inspection,Critical
2026-08-07 17:11:55.435752,CONT_002,Seafood,Vizag,Mumbai,0.83,81.39,0.097,602.42,High,Immediate Inspection,Critical
2026-08-07 17:11:56.438104,CONT_001,Vaccines,Hyderabad,Chennai,2.41,76.86,0.056,1014.02,Medium,Check Cooling System,Warning
2026-08-07 17:11:57.440888,CONT_001,Vaccines,Hyderabad,Chennai,4.2,70.96,0.011,1276.23,Low,Continue Monitoring,Normal
2026-08-07 17:11:58.442355,CONT_001,Vaccines,Hyderabad,Chennai,6.46,65.57,0.019,509.05,Medium,Check Cooling System,Warning
2026-08-07 17:11:59.444065,CONT_004,Fruits,Nagpur,Delhi,9.41,68.41,0.039,919.96,High,Immediate Inspection,Critical
2026-08-07 17:12:00.445902,CONT_004,Fruits,Nagpur,Delhi,6.15,84.58,0.028,1328.62,Medium,Check Cooling System,Warning
2026-08-07 17:12:01.447932,CONT_002,Seafood,Vizag,Mumbai,-0.14,78.65,0.053,199.27,Medium,Check Cooling System,Warning
2026-08-07 17:12:02.449633,CONT_004,Fruits,Nagpur,Delhi,6.32,66.85,0.038,844.06,Medium,Check Cooling System,Warning
2026-08-07 17:12:03.451372,CONT_002,Seafood,Vizag,Mumbai,1.85,84.86,0.053,232.53,Medium,Check Cooling System,Warning
2026-08-07 17:12:04.453144,CONT_004,Fruits,Nagpur,Delhi,10.04,69.2,0.038,1250.99,High,Immediate Inspection,Critical
2026-08-07 17:12:05.455205,CONT_002,Seafood,Vizag,Mumbai,-0.72,69.22,0.061,581.75,Medium,Check Cooling System,Warning
2026-08-07 17:12:06.456796,CONT_001,Vaccines,Hyderabad,Chennai,5.85,74.14,0.019,84.1,Medium,Check Cooling System,Warning
2026-08-07 17:12:07.459074,CONT_001,Vaccines,Hyderabad,Chennai,3.96,76.73,0.064,1121.43,Medium,Check Cooling System,Warning
2026-08-07 17:12:08.462070,CONT_002,Seafood,Vizag,Mumbai,3.68,62.75,0.094,1297.84,High,Immediate Inspection,Critical
2026-08-07 17:12:09.464060,CONT_001,Vaccines,Hyderabad,Chennai,5.7,71.54,0.052,775.23,Medium,Check Cooling System,Warning
2026-08-07 17:12:10.465544,CONT_003,Dairy,Bengaluru,Pune,1.59,77.14,0.02,912.15,Low,Continue Monitoring,Normal
2026-08-07 17:12:11.467712,CONT_003,Dairy,Bengaluru,Pune,3.12,65.36,0.086,108.22,High,Immediate Inspection,Critical
2026-08-07 17:12:12.469885,CONT_002,Seafood,Vizag,Mumbai,-0.3,88.29,0.035,784.65,Low,Continue Monitoring,Normal
2026-08-07 17:12:13.471679,CONT_004,Fruits,Nagpur,Delhi,11.75,60.62,0.09,696.42,High,Immediate Inspection,Critical
2026-08-07 17:12:14.473744,CONT_004,Fruits,Nagpur,Delhi,11.36,63.07,0.036,381.36,High,Immediate Inspection,Critical
2026-08-07 17:12:15.476795,CONT_004,Fruits,Nagpur,Delhi,5.73,80.52,0.071,563.72,Medium,Check Cooling System,Warning
2026-08-07 17:12:16.479070,CONT_003,Dairy,Bengaluru,Pune,2.39,72.23,0.053,1141.17,Medium,Check Cooling System,Warning
2026-08-07 17:12:17.481048,CONT_001,Vaccines,Hyderabad,Chennai,6.92,60.53,0.042,335.37,Medium,Check Cooling System,Warning
2026-08-07 17:12:18.484247,CONT_002,Seafood,Vizag,Mumbai,0.1,77.93,0.079,1268.56,Medium,Check Cooling System,Warning
2026-08-07 17:12:19.486154,CONT_002,Seafood,Vizag,Mumbai,-0.72,78.83,0.034,1015.49,Low,Continue Monitoring,Normal
2026-08-07 17:12:20.488093,CONT_003,Dairy,Bengaluru,Pune,1.38,86.13,0.029,556.57,Low,Continue Monitoring,Normal
2026-08-07 17:12:21.489916,CONT_002,Seafood,Vizag,Mumbai,3.22,72.71,0.092,1004.61,High,Immediate Inspection,Critical
2026-08-07 17:12:22.491514,CONT_003,Dairy,Bengaluru,Pune,1.98,86.73,0.061,1498.29,Medium,Check Cooling System,Warning
2026-08-07 17:12:23.493756,CONT_004,Fruits,Nagpur,Delhi,11.85,64.0,0.092,833.16,High,Immediate Inspection,Critical
2026-08-07 17:12:24.496873,CONT_004,Fruits,Nagpur,Delhi,8.26,82.86,0.041,455.09,High,Immediate Inspection,Critical
2026-08-07 17:12:25.498715,CONT_002,Seafood,Vizag,Mumbai,-1.59,84.6,0.065,977.75,Medium,Check Cooling System,Warning
2026-08-07 17:12:26.510473,CONT_003,Dairy,Bengaluru,Pune,3.09,75.97,0.023,991.45,Low,Continue Monitoring,Normal
2026-08-07 17:12:27.517842,CONT_004,Fruits,Nagpur,Delhi,9.51,63.54,0.018,1318.81,High,Immediate Inspection,Critical
2026-08-07 17:12:28.519927,CONT_001,Vaccines,Hyderabad,Chennai,2.17,86.33,0.027,486.14,Low,Continue Monitoring,Normal
2026-08-07 17:12:29.522318,CONT_002,Seafood,Vizag,Mumbai,3.89,72.99,0.015,264.52,Low,Continue Monitoring,Normal
2026-08-07 17:12:30.524622,CONT_003,Dairy,Bengaluru,Pune,1.56,69.46,0.094,385.72,High,Immediate Inspection,Critical
2026-08-07 17:12:31.526301,CONT_003,Dairy,Bengaluru,Pune,2.21,69.82,0.095,954.83,High,Immediate Inspection,Critical
2026-08-07 17:12:32.527661,CONT_001,Vaccines,Hyderabad,Chennai,2.05,71.19,0.032,1243.56,Low,Continue Monitoring,Normal
2026-08-07 17:12:33.530055,CONT_004,Fruits,Nagpur,Delhi,7.32,65.58,0.068,235.73,Medium,Check Cooling System,Warning
2026-08-07 17:12:34.532694,CONT_004,Fruits,Nagpur,Delhi,8.71,76.19,0.058,205.36,High,Immediate Inspection,Critical
2026-08-07 17:12:35.534613,CONT_003,Dairy,Bengaluru,Pune,1.55,77.78,0.071,1438.7,Medium,Check Cooling System,Warning
2026-08-07 17:12:36.536695,CONT_003,Dairy,Bengaluru,Pune,2.64,66.03,0.1,866.07,High,Immediate Inspection,Critical
2026-08-07 17:12:37.539640,CONT_004,Fruits,Nagpur,Delhi,4.1,84.28,0.011,146.9,Low,Continue Monitoring,Normal
2026-08-07 17:12:38.541396,CONT_003,Dairy,Bengaluru,Pune,1.58,79.08,0.038,1023.65,Low,Continue Monitoring,Normal
2026-08-07 17:12:39.542932,CONT_002,Seafood,Vizag,Mumbai,-0.75,73.18,0.065,564.09,Medium,Check Cooling System,Warning
2026-08-07 17:12:40.544878,CONT_001,Vaccines,Hyderabad,Chennai,7.11,70.34,0.031,1030.28,Medium,Check Cooling System,Warning
2026-08-07 17:12:41.546679,CONT_004,Fruits,Nagpur,Delhi,5.47,77.1,0.015,468.2,Medium,Check Cooling System,Warning
2026-08-07 17:12:42.548488,CONT_002,Seafood,Vizag,Mumbai,2.94,71.77,0.066,733.64,Medium,Check Cooling System,Warning
2026-08-07 17:12:43.550160,CONT_002,Seafood,Vizag,Mumbai,0.95,74.43,0.048,1254.11,Low,Continue Monitoring,Normal
2026-08-07 17:12:44.551724,CONT_003,Dairy,Bengaluru,Pune,1.31,86.34,0.082,1044.98,High,Immediate Inspection,Critical
2026-08-07 17:12:45.553599,CONT_004,Fruits,Nagpur,Delhi,8.33,67.42,0.074,1446.11,High,Immediate Inspection,Critical
2026-08-07 17:12:46.555865,CONT_004,Fruits,Nagpur,Delhi,7.75,78.52,0.025,104.05,Medium,Check Cooling System,Warning
2026-08-07 17:12:47.557330,CONT_004,Fruits,Nagpur,Delhi,9.51,89.06,0.092,97.1,High,Immediate Inspection,Critical
2026-08-07 17:12:48.558461,CONT_001,Vaccines,Hyderabad,Chennai,3.67,80.64,0.046,1278.26,Low,Continue Monitoring,Normal
2026-08-07 17:12:49.560716,CONT_003,Dairy,Bengaluru,Pune,2.04,70.66,0.011,217.44,Low,Continue Monitoring,Normal
2026-08-07 17:12:50.562594,CONT_001,Vaccines,Hyderabad,Chennai,5.32,60.2,0.067,681.78,Medium,Check Cooling System,Warning
2026-08-07 17:12:51.565407,CONT_001,Vaccines,Hyderabad,Chennai,7.19,66.1,0.034,771.29,Medium,Check Cooling System,Warning
2026-08-07 17:12:52.566917,CONT_001,Vaccines,Hyderabad,Chennai,5.72,67.94,0.062,1419.36,Medium,Check Cooling System,Warning
2026-08-07 17:12:53.568844,CONT_002,Seafood,Vizag,Mumbai,-1.87,88.91,0.046,1360.92,Low,Continue Monitoring,Normal
2026-08-07 17:12:54.572654,CONT_002,Seafood,Vizag,Mumbai,0.96,77.71,0.014,1238.34,Low,Continue Monitoring,Normal
2026-08-07 17:12:55.574971,CONT_004,Fruits,Nagpur,Delhi,7.53,83.87,0.089,870.0,High,Immediate Inspection,Critical
2026-08-07 17:12:56.576779,CONT_003,Dairy,Bengaluru,Pune,4.85,60.04,0.065,591.94,Medium,Check Cooling System,Warning
2026-08-07 17:12:57.578823,CONT_002,Seafood,Vizag,Mumbai,-0.7,76.09,0.032,959.2,Low,Continue Monitoring,Normal
2026-08-07 17:12:58.580886,CONT_002,Seafood,Vizag,Mumbai,-0.54,69.52,0.018,264.11,Low,Continue Monitoring,Normal
2026-08-07 17:12:59.582310,CONT_001,Vaccines,Hyderabad,Chennai,4.12,64.25,0.095,1162.88,High,Immediate Inspection,Critical
2026-08-07 17:13:00.584167,CONT_001,Vaccines,Hyderabad,Chennai,2.01,83.26,0.013,889.75,Low,Continue Monitoring,Normal
2026-08-07 17:13:01.586603,CONT_002,Seafood,Vizag,Mumbai,-0.76,83.61,0.012,233.65,Low,Continue Monitoring,Normal
2026-08-07 17:13:02.588429,CONT_001,Vaccines,Hyderabad,Chennai,6.53,77.71,0.063,1255.65,Medium,Check Cooling System,Warning
2026-08-07 17:13:03.590337,CONT_004,Fruits,Nagpur,Delhi,11.25,68.75,0.073,1498.72,High,Immediate Inspection,Critical
2026-08-07 17:13:04.592027,CONT_003,Dairy,Bengaluru,Pune,4.69,75.85,0.086,427.63,High,Immediate Inspection,Critical
2026-08-07 17:13:05.593956,CONT_004,Fruits,Nagpur,Delhi,11.71,71.69,0.041,657.67,High,Immediate Inspection,Critical
2026-08-07 17:13:06.595676,CONT_004,Fruits,Nagpur,Delhi,6.01,74.86,0.098,103.89,High,Immediate Inspection,Critical
2026-08-07 17:13:07.597631,CONT_001,Vaccines,Hyderabad,Chennai,2.89,70.3,0.021,637.47,Low,Continue Monitoring,Normal
2026-08-07 17:13:08.599481,CONT_003,Dairy,Bengaluru,Pune,4.47,73.52,0.02,808.21,Low,Continue Monitoring,Normal
2026-08-07 17:13:09.601224,CONT_004,Fruits,Nagpur,Delhi,8.41,78.73,0.089,81.79,High,Immediate Inspection,Critical
2026-08-07 17:13:10.602862,CONT_004,Fruits,Nagpur,Delhi,8.73,84.81,0.049,386.7,High,Immediate Inspection,Critical
2026-08-07 17:13:11.604581,CONT_001,Vaccines,Hyderabad,Chennai,2.2,77.72,0.063,868.89,Medium,Check Cooling System,Warning
2026-08-07 17:13:12.606076,CONT_002,Seafood,Vizag,Mumbai,2.38,78.43,0.082,1449.87,High,Immediate Inspection,Critical
2026-08-07 17:13:13.607594,CONT_003,Dairy,Bengaluru,Pune,1.25,83.24,0.02,792.83,Low,Continue Monitoring,Normal
2026-08-07 17:13:14.610095,CONT_001,Vaccines,Hyderabad,Chennai,5.91,86.03,0.033,322.6,Medium,Check Cooling System,Warning
2026-08-07 17:13:15.611514,CONT_004,Fruits,Nagpur,Delhi,7.34,75.94,0.022,300.5,Medium,Check Cooling System,Warning
2026-08-07 17:13:16.613062,CONT_002,Seafood,Vizag,Mumbai,-0.04,79.92,0.061,343.42,Medium,Check Cooling System,Warning
2026-08-07 17:13:17.615005,CONT_004,Fruits,Nagpur,Delhi,11.22,66.03,0.03,1212.41,High,Immediate Inspection,Critical
2026-08-07 17:13:18.617247,CONT_004,Fruits,Nagpur,Delhi,6.23,76.22,0.088,1358.33,High,Immediate Inspection,Critical
2026-08-07 17:13:19.619704,CONT_001,Vaccines,Hyderabad,Chennai,5.77,65.61,0.019,423.98,Medium,Check Cooling System,Warning
2026-08-07 17:13:20.621501,CONT_001,Vaccines,Hyderabad,Chennai,4.81,77.18,0.047,1351.9,Low,Continue Monitoring,Normal
2026-08-07 17:13:21.623297,CONT_003,Dairy,Bengaluru,Pune,3.93,72.27,0.085,782.03,High,Immediate Inspection,Critical
2026-08-07 17:13:22.625017,CONT_004,Fruits,Nagpur,Delhi,11.96,64.69,0.013,1160.06,High,Immediate Inspection,Critical
2026-08-07 17:13:23.626342,CONT_001,Vaccines,Hyderabad,Chennai,2.74,72.81,0.052,640.28,Medium,Check Cooling System,Warning
2026-08-07 17:13:24.637558,CONT_003,Dairy,Bengaluru,Pune,1.97,83.67,0.097,659.03,High,Immediate Inspection,Critical
2026-08-07 17:13:25.639388,CONT_004,Fruits,Nagpur,Delhi,10.44,75.49,0.018,602.18,High,Immediate Inspection,Critical
2026-08-07 17:13:26.642020,CONT_002,Seafood,Vizag,Mumbai,2.26,77.93,0.055,622.81,Medium,Check Cooling System,Warning
2026-08-07 17:13:27.645844,CONT_002,Seafood,Vizag,Mumbai,3.6,75.68,0.092,1388.44,High,Immediate Inspection,Critical
2026-08-07 17:13:28.647428,CONT_003,Dairy,Bengaluru,Pune,4.21,68.8,0.084,972.59,High,Immediate Inspection,Critical
2026-08-07 17:13:29.649719,CONT_003,Dairy,Bengaluru,Pune,3.71,83.08,0.089,1026.54,High,Immediate Inspection,Critical
2026-08-07 17:13:30.651160,CONT_002,Seafood,Vizag,Mumbai,2.12,65.56,0.031,687.84,Low,Continue Monitoring,Normal
2026-08-07 17:13:31.654864,CONT_003,Dairy,Bengaluru,Pune,2.61,87.46,0.018,614.93,Low,Continue Monitoring,Normal
2026-08-07 17:13:32.656591,CONT_004,Fruits,Nagpur,Delhi,5.27,73.97,0.013,505.45,Medium,Check Cooling System,Warning
2026-08-07 17:13:33.658887,CONT_003,Dairy,Bengaluru,Pune,1.16,75.8,0.063,404.56,Medium,Check Cooling System,Warning
2026-08-07 17:13:34.660927,CONT_004,Fruits,Nagpur,Delhi,4.24,63.05,0.099,115.62,High,Immediate Inspection,Critical
2026-08-07 17:13:35.663473,CONT_003,Dairy,Bengaluru,Pune,1.37,89.11,0.056,107.7,Medium,Check Cooling System,Warning
2026-08-07 17:13:36.665897,CONT_003,Dairy,Bengaluru,Pune,2.1,61.55,0.059,611.38,Medium,Check Cooling System,Warning
2026-08-07 17:13:37.667525,CONT_004,Fruits,Nagpur,Delhi,6.51,71.41,0.051,927.8,Medium,Check Cooling System,Warning
2026-08-07 17:13:38.669435,CONT_003,Dairy,Bengaluru,Pune,4.73,73.61,0.022,467.2,Low,Continue Monitoring,Normal
2026-08-07 17:13:39.672594,CONT_004,Fruits,Nagpur,Delhi,5.65,82.86,0.082,763.6,High,Immediate Inspection,Critical
2026-08-07 17:13:40.673982,CONT_002,Seafood,Vizag,Mumbai,2.67,68.5,0.017,440.39,Low,Continue Monitoring,Normal
2026-08-07 17:13:41.675910,CONT_001,Vaccines,Hyderabad,Chennai,3.17,78.51,0.073,855.07,Medium,Check Cooling System,Warning
2026-08-07 17:13:42.677807,CONT_002,Seafood,Vizag,Mumbai,3.57,63.18,0.071,64.68,Medium,Check Cooling System,Warning
2026-08-07 17:13:43.679703,CONT_001,Vaccines,Hyderabad,Chennai,4.47,70.32,0.064,1304.25,Medium,Check Cooling System,Warning
2026-08-07 17:13:44.681981,CONT_001,Vaccines,Hyderabad,Chennai,6.49,70.14,0.021,720.57,Medium,Check Cooling System,Warning
2026-08-07 17:13:45.684386,CONT_002,Seafood,Vizag,Mumbai,0.79,77.03,0.024,1161.44,Low,Continue Monitoring,Normal
2026-08-07 17:13:46.686113,CONT_003,Dairy,Bengaluru,Pune,3.24,68.52,0.045,310.28,Low,Continue Monitoring,Normal
2026-08-07 17:13:47.687712,CONT_003,Dairy,Bengaluru,Pune,2.48,81.63,0.048,1436.69,Low,Continue Monitoring,Normal
2026-08-07 17:13:48.689348,CONT_003,Dairy,Bengaluru,Pune,1.65,83.34,0.089,230.59,High,Immediate Inspection,Critical
2026-08-07 17:15:03.066336,CONT_003,Dairy,Bengaluru,Pune,1.48,66.88,0.06,199.72,Medium,Check Cooling System,Warning
2026-08-07 17:15:04.068014,CONT_001,Vaccines,Hyderabad,Chennai,5.02,73.48,0.021,347.22,Medium,Check Cooling System,Warning
2026-08-07 17:15:05.069788,CONT_002,Seafood,Vizag,Mumbai,2.41,83.12,0.023,310.02,Low,Continue Monitoring,Normal
2026-08-07 17:15:06.071425,CONT_002,Seafood,Vizag,Mumbai,1.42,60.21,0.029,150.98,Low,Continue Monitoring,Normal
2026-08-07 17:15:07.073886,CONT_002,Seafood,Vizag,Mumbai,-0.09,61.47,0.093,263.86,High,Immediate Inspection,Critical
2026-08-07 17:15:08.075890,CONT_001,Vaccines,Hyderabad,Chennai,7.86,64.4,0.014,249.54,Medium,Check Cooling System,Warning
2026-08-07 17:15:09.077996,CONT_001,Vaccines,Hyderabad,Chennai,2.01,87.69,0.09,502.24,High,Immediate Inspection,Critical
2026-08-07 17:15:10.080282,CONT_002,Seafood,Vizag,Mumbai,2.93,69.99,0.04,713.16,Low,Continue Monitoring,Normal
2026-08-07 17:15:11.087005,CONT_001,Vaccines,Hyderabad,Chennai,2.94,77.18,0.078,1352.43,Medium,Check Cooling System,Warning
2026-08-07 17:15:12.091328,CONT_003,Dairy,Bengaluru,Pune,4.18,76.42,0.086,1334.5,High,Immediate Inspection,Critical
2026-08-07 17:15:13.092934,CONT_004,Fruits,Nagpur,Delhi,4.25,86.86,0.09,983.77,High,Immediate Inspection,Critical
2026-08-07 17:15:14.094829,CONT_001,Vaccines,Hyderabad,Chennai,5.12,68.24,0.074,607.28,Medium,Check Cooling System,Warning
2026-08-07 17:15:15.096504,CONT_004,Fruits,Nagpur,Delhi,10.92,84.39,0.079,871.13,High,Immediate Inspection,Critical
2026-08-07 17:15:16.098742,CONT_003,Dairy,Bengaluru,Pune,1.51,83.38,0.095,1124.72,High,Immediate Inspection,Critical
2026-08-07 17:15:17.100074,CONT_001,Vaccines,Hyderabad,Chennai,4.36,71.61,0.046,1394.42,Low,Continue Monitoring,Normal
2026-08-07 17:15:18.102423,CONT_002,Seafood,Vizag,Mumbai,0.49,74.13,0.026,1051.02,Low,Continue Monitoring,Normal
2026-08-07 17:15:19.104117,CONT_004,Fruits,Nagpur,Delhi,5.74,60.42,0.051,1450.63,Medium,Check Cooling System,Warning
2026-08-07 17:15:20.106090,CONT_001,Vaccines,Hyderabad,Chennai,6.94,87.19,0.031,1189.33,Medium,Check Cooling System,Warning
2026-08-07 17:15:21.115018,CONT_004,Fruits,Nagpur,Delhi,8.71,67.26,0.1,904.51,High,Immediate Inspection,Critical
2026-08-07 17:15:22.122176,CONT_003,Dairy,Bengaluru,Pune,2.02,60.41,0.098,253.11,High,Immediate Inspection,Critical
2026-08-07 17:15:23.124357,CONT_003,Dairy,Bengaluru,Pune,2.35,76.61,0.027,244.67,Low,Continue Monitoring,Normal
2026-08-07 17:15:24.126539,CONT_004,Fruits,Nagpur,Delhi,6.68,89.45,0.094,1378.28,High,Immediate Inspection,Critical
2026-08-07 17:15:25.128503,CONT_004,Fruits,Nagpur,Delhi,5.24,82.31,0.055,816.47,Medium,Check Cooling System,Warning
2026-08-07 17:15:26.130300,CONT_001,Vaccines,Hyderabad,Chennai,4.33,61.58,0.014,1345.06,Low,Continue Monitoring,Normal
2026-08-07 17:15:27.132154,CONT_002,Seafood,Vizag,Mumbai,1.89,88.99,0.09,501.04,High,Immediate Inspection,Critical
2026-08-07 17:15:28.133536,CONT_002,Seafood,Vizag,Mumbai,-0.29,77.72,0.038,548.66,Low,Continue Monitoring,Normal
2026-08-07 17:15:29.136723,CONT_003,Dairy,Bengaluru,Pune,4.55,73.01,0.015,137.47,Low,Continue Monitoring,Normal
2026-08-07 17:15:30.138833,CONT_002,Seafood,Vizag,Mumbai,0.95,76.41,0.073,817.87,Medium,Check Cooling System,Warning
2026-08-07 17:15:31.148156,CONT_001,Vaccines,Hyderabad,Chennai,2.56,76.58,0.031,918.03,Low,Continue Monitoring,Normal
2026-08-07 17:15:32.151446,CONT_003,Dairy,Bengaluru,Pune,4.25,67.65,0.068,1008.57,Medium,Check Cooling System,Warning
2026-08-07 17:15:33.153241,CONT_002,Seafood,Vizag,Mumbai,3.41,81.71,0.051,792.28,Medium,Check Cooling System,Warning
2026-08-07 17:15:34.155441,CONT_002,Seafood,Vizag,Mumbai,-0.58,79.49,0.083,1295.08,High,Immediate Inspection,Critical
2026-08-07 17:15:35.157239,CONT_003,Dairy,Bengaluru,Pune,1.01,68.62,0.063,1411.78,Medium,Check Cooling System,Warning
2026-08-07 17:15:36.160798,CONT_002,Seafood,Vizag,Mumbai,-0.8,65.61,0.011,148.69,Low,Continue Monitoring,Normal
2026-08-07 17:15:37.163151,CONT_002,Seafood,Vizag,Mumbai,2.12,75.32,0.075,1085.71,Medium,Check Cooling System,Warning
2026-08-07 17:15:38.164722,CONT_001,Vaccines,Hyderabad,Chennai,7.19,67.25,0.065,311.02,Medium,Check Cooling System,Warning
2026-08-07 17:15:39.166274,CONT_001,Vaccines,Hyderabad,Chennai,6.89,67.24,0.023,206.98,Medium,Check Cooling System,Warning
2026-08-07 17:15:40.168155,CONT_003,Dairy,Bengaluru,Pune,1.64,80.43,0.053,1363.86,Medium,Check Cooling System,Warning
2026-08-07 17:15:41.169958,CONT_002,Seafood,Vizag,Mumbai,-1.16,71.35,0.063,784.24,Medium,Check Cooling System,Warning
2026-08-07 17:15:42.172263,CONT_002,Seafood,Vizag,Mumbai,-0.1,85.79,0.03,1401.53,Low,Continue Monitoring,Normal
2026-08-07 17:15:43.174550,CONT_001,Vaccines,Hyderabad,Chennai,3.27,88.02,0.072,1407.94,Medium,Check Cooling System,Warning
2026-08-07 17:15:44.177127,CONT_003,Dairy,Bengaluru,Pune,4.96,73.22,0.026,338.79,Low,Continue Monitoring,Normal
2026-08-07 17:15:45.179043,CONT_003,Dairy,Bengaluru,Pune,2.03,73.27,0.022,1397.38,Low,Continue Monitoring,Normal
2026-08-07 17:15:46.181005,CONT_001,Vaccines,Hyderabad,Chennai,7.99,87.73,0.05,687.44,Medium,Check Cooling System,Warning
2026-08-07 17:15:47.182742,CONT_004,Fruits,Nagpur,Delhi,8.44,69.96,0.098,996.75,High,Immediate Inspection,Critical
2026-08-07 17:15:48.184517,CONT_001,Vaccines,Hyderabad,Chennai,2.07,89.61,0.051,1123.85,Medium,Check Cooling System,Warning
2026-08-07 17:15:49.186687,CONT_004,Fruits,Nagpur,Delhi,11.75,76.2,0.055,1468.84,High,Immediate Inspection,Critical
2026-08-07 17:15:50.188714,CONT_004,Fruits,Nagpur,Delhi,7.51,77.52,0.057,1440.1,Medium,Check Cooling System,Warning
2026-08-07 17:15:51.190474,CONT_001,Vaccines,Hyderabad,Chennai,3.01,89.92,0.062,55.5,Medium,Check Cooling System,Warning
2026-08-07 17:15:52.192182,CONT_004,Fruits,Nagpur,Delhi,4.03,61.75,0.018,662.61,Low,Continue Monitoring,Normal
2026-08-07 17:15:53.194000,CONT_001,Vaccines,Hyderabad,Chennai,7.46,77.19,0.088,590.62,High,Immediate Inspection,Critical
2026-08-07 17:15:54.195723,CONT_002,Seafood,Vizag,Mumbai,0.28,65.95,0.067,141.1,Medium,Check Cooling System,Warning
2026-08-07 17:15:55.198996,CONT_002,Seafood,Vizag,Mumbai,0.92,85.91,0.038,603.88,Low,Continue Monitoring,Normal
2026-08-07 17:15:56.201521,CONT_003,Dairy,Bengaluru,Pune,1.81,68.31,0.015,397.62,Low,Continue Monitoring,Normal
2026-08-07 17:15:57.203274,CONT_004,Fruits,Nagpur,Delhi,10.49,72.48,0.087,1133.01,High,Immediate Inspection,Critical
2026-08-07 17:15:58.204846,CONT_004,Fruits,Nagpur,Delhi,5.83,65.5,0.013,954.84,Medium,Check Cooling System,Warning
2026-08-07 17:15:59.206920,CONT_004,Fruits,Nagpur,Delhi,4.15,82.72,0.049,973.58,Low,Continue Monitoring,Normal
2026-08-07 17:16:00.208569,CONT_002,Seafood,Vizag,Mumbai,3.23,66.62,0.042,819.28,Low,Continue Monitoring,Normal
2026-08-07 17:16:01.209962,CONT_001,Vaccines,Hyderabad,Chennai,7.9,71.12,0.059,1317.33,Medium,Check Cooling System,Warning
2026-08-07 17:16:02.211582,CONT_001,Vaccines,Hyderabad,Chennai,3.83,82.45,0.095,1149.37,High,Immediate Inspection,Critical
2026-08-07 17:16:03.213258,CONT_001,Vaccines,Hyderabad,Chennai,5.89,65.95,0.053,754.29,Medium,Check Cooling System,Warning
2026-08-07 17:16:04.215290,CONT_003,Dairy,Bengaluru,Pune,3.67,73.7,0.046,916.74,Low,Continue Monitoring,Normal
2026-08-07 17:18:28.685799,CONT_003,Dairy,Bengaluru,Pune,4.49,77.4,0.071,1404.82,Medium,Check Cooling System,Warning
2026-08-07 17:18:29.696599,CONT_001,Vaccines,Hyderabad,Chennai,2.3,70.83,0.034,1259.31,Low,Continue Monitoring,Normal
2026-08-07 17:18:30.704611,CONT_003,Dairy,Bengaluru,Pune,1.01,64.76,0.028,1073.58,Low,Continue Monitoring,Normal
2026-08-08 08:10:35.110979,CONT_004,Fruits,Nagpur,Delhi,4.96,89.45,0.073,1449.44,Medium,Check Cooling System,Warning
2026-08-08 08:10:36.116812,CONT_001,Vaccines,Hyderabad,Chennai,2.59,61.18,0.013,989.02,Low,Continue Monitoring,Normal
2026-08-08 08:10:37.120616,CONT_003,Dairy,Bengaluru,Pune,2.95,60.12,0.035,1210.42,Low,Continue Monitoring,Normal
2026-08-08 08:10:38.125876,CONT_003,Dairy,Bengaluru,Pune,1.99,66.34,0.088,224.67,High,Immediate Inspection,Critical
2026-08-08 08:10:39.130853,CONT_001,Vaccines,Hyderabad,Chennai,3.32,67.31,0.082,1319.89,High,Immediate Inspection,Critical
2026-08-08 08:11:28.901216,CONT_003,Dairy,Bengaluru,Pune,2.0,74.6,0.051,907.81,Medium,Check Cooling System,Warning
2026-08-08 08:11:29.905522,CONT_003,Dairy,Bengaluru,Pune,1.46,74.71,0.065,684.99,Medium,Check Cooling System,Warning
2026-08-08 08:11:30.909333,CONT_002,Seafood,Vizag,Mumbai,2.55,66.91,0.098,513.13,High,Immediate Inspection,Critical
2026-08-08 08:11:31.913693,CONT_002,Seafood,Vizag,Mumbai,3.15,86.55,0.084,1249.37,High,Immediate Inspection,Critical
2026-08-08 08:11:32.918030,CONT_003,Dairy,Bengaluru,Pune,4.62,73.68,0.06,582.99,Medium,Check Cooling System,Warning
2026-08-08 08:11:33.922540,CONT_003,Dairy,Bengaluru,Pune,1.21,83.24,0.077,85.27,Medium,Check Cooling System,Warning
2026-08-08 08:11:34.935010,CONT_002,Seafood,Vizag,Mumbai,-0.73,81.68,0.064,1252.43,Medium,Check Cooling System,Warning
2026-08-08 08:11:35.940794,CONT_004,Fruits,Nagpur,Delhi,9.55,80.36,0.045,73.89,High,Immediate Inspection,Critical
2026-08-08 08:11:36.945412,CONT_002,Seafood,Vizag,Mumbai,2.93,69.38,0.088,227.28,High,Immediate Inspection,Critical
2026-08-08 08:11:37.950107,CONT_003,Dairy,Bengaluru,Pune,2.17,76.57,0.088,1152.52,High,Immediate Inspection,Critical
2026-08-08 08:11:38.953616,CONT_001,Vaccines,Hyderabad,Chennai,5.53,61.78,0.061,1368.16,Medium,Check Cooling System,Warning
2026-08-08 08:11:39.957010,CONT_003,Dairy,Bengaluru,Pune,2.42,64.68,0.097,878.32,High,Immediate Inspection,Critical
2026-08-08 08:11:40.960506,CONT_004,Fruits,Nagpur,Delhi,9.82,66.44,0.03,340.19,High,Immediate Inspection,Critical
2026-08-08 08:11:41.964274,CONT_004,Fruits,Nagpur,Delhi,9.88,72.4,0.069,662.46,High,Immediate Inspection,Critical
2026-08-08 08:11:42.967535,CONT_001,Vaccines,Hyderabad,Chennai,7.76,77.09,0.055,795.49,Medium,Check Cooling System,Warning
2026-08-08 08:11:43.971534,CONT_003,Dairy,Bengaluru,Pune,2.85,88.01,0.078,705.1,Medium,Check Cooling System,Warning
2026-08-08 08:11:44.975902,CONT_003,Dairy,Bengaluru,Pune,4.78,62.53,0.082,1217.76,High,Immediate Inspection,Critical
2026-08-08 08:11:45.980236,CONT_002,Seafood,Vizag,Mumbai,1.63,89.46,0.039,205.74,Low,Continue Monitoring,Normal
2026-08-08 08:11:46.984234,CONT_003,Dairy,Bengaluru,Pune,2.51,80.65,0.08,882.63,Medium,Check Cooling System,Warning
2026-08-08 08:11:47.988395,CONT_004,Fruits,Nagpur,Delhi,4.72,61.46,0.032,502.97,Low,Continue Monitoring,Normal
2026-08-08 08:11:48.992385,CONT_002,Seafood,Vizag,Mumbai,-1.38,78.18,0.058,540.54,Medium,Check Cooling System,Warning
2026-08-08 08:11:49.996963,CONT_002,Seafood,Vizag,Mumbai,2.84,86.14,0.022,831.48,Low,Continue Monitoring,Normal
2026-08-08 08:11:51.001721,CONT_003,Dairy,Bengaluru,Pune,1.27,72.51,0.028,995.84,Low,Continue Monitoring,Normal
2026-08-08 08:11:52.005473,CONT_003,Dairy,Bengaluru,Pune,2.06,66.58,0.034,1181.04,Low,Continue Monitoring,Normal
2026-08-08 08:11:53.009199,CONT_003,Dairy,Bengaluru,Pune,3.16,70.14,0.03,977.8,Low,Continue Monitoring,Normal
2026-08-08 08:11:54.012846,CONT_001,Vaccines,Hyderabad,Chennai,2.54,61.77,0.086,98.47,High,Immediate Inspection,Critical
2026-08-08 08:11:55.017309,CONT_004,Fruits,Nagpur,Delhi,8.65,69.28,0.075,576.93,High,Immediate Inspection,Critical
2026-08-08 08:11:56.021283,CONT_002,Seafood,Vizag,Mumbai,1.11,80.27,0.093,1074.35,High,Immediate Inspection,Critical
2026-08-08 08:11:57.025518,CONT_004,Fruits,Nagpur,Delhi,11.67,70.42,0.051,527.82,High,Immediate Inspection,Critical
2026-08-08 08:11:58.029434,CONT_002,Seafood,Vizag,Mumbai,2.33,63.39,0.062,388.4,Medium,Check Cooling System,Warning
2026-08-08 08:11:59.033977,CONT_003,Dairy,Bengaluru,Pune,2.76,82.63,0.063,492.05,Medium,Check Cooling System,Warning
2026-08-08 08:12:00.037536,CONT_003,Dairy,Bengaluru,Pune,1.13,74.69,0.047,1439.8,Low,Continue Monitoring,Normal
2026-08-08 08:12:01.041204,CONT_004,Fruits,Nagpur,Delhi,9.89,62.29,0.077,1499.26,High,Immediate Inspection,Critical
2026-08-08 08:12:02.045073,CONT_002,Seafood,Vizag,Mumbai,-0.26,78.69,0.061,1215.55,Medium,Check Cooling System,Warning
2026-08-08 08:12:03.049477,CONT_003,Dairy,Bengaluru,Pune,3.74,81.29,0.018,1194.12,Low,Continue Monitoring,Normal
2026-08-08 08:12:04.053442,CONT_004,Fruits,Nagpur,Delhi,6.13,70.84,0.076,729.53,Medium,Check Cooling System,Warning
2026-08-08 08:12:05.057839,CONT_002,Seafood,Vizag,Mumbai,2.65,64.74,0.085,187.74,High,Immediate Inspection,Critical
2026-08-08 08:12:06.062226,CONT_002,Seafood,Vizag,Mumbai,-0.72,71.75,0.046,1018.99,Low,Continue Monitoring,Normal
2026-08-08 08:12:07.066007,CONT_003,Dairy,Bengaluru,Pune,1.11,73.81,0.017,734.33,Low,Continue Monitoring,Normal
2026-08-08 08:12:08.069844,CONT_002,Seafood,Vizag,Mumbai,2.3,89.8,0.019,971.26,Low,Continue Monitoring,Normal
2026-08-08 08:12:09.073668,CONT_002,Seafood,Vizag,Mumbai,-0.37,67.66,0.016,489.61,Low,Continue Monitoring,Normal
2026-08-08 08:12:10.077629,CONT_002,Seafood,Vizag,Mumbai,-1.49,83.02,0.038,651.13,Low,Continue Monitoring,Normal
2026-08-08 08:12:11.082109,CONT_004,Fruits,Nagpur,Delhi,8.51,87.24,0.036,179.45,High,Immediate Inspection,Critical
2026-08-08 08:12:12.086107,CONT_003,Dairy,Bengaluru,Pune,2.29,60.59,0.025,43.16,Low,Continue Monitoring,Normal
2026-08-08 08:12:13.091165,CONT_003,Dairy,Bengaluru,Pune,3.59,73.4,0.091,167.58,High,Immediate Inspection,Critical
2026-08-08 08:12:14.095319,CONT_001,Vaccines,Hyderabad,Chennai,2.16,65.46,0.09,687.87,High,Immediate Inspection,Critical
2026-08-08 08:12:15.099098,CONT_001,Vaccines,Hyderabad,Chennai,4.71,76.05,0.066,80.91,Medium,Check Cooling System,Warning
2026-08-08 08:12:16.102730,CONT_002,Seafood,Vizag,Mumbai,-1.42,85.89,0.026,185.04,Low,Continue Monitoring,Normal
2026-08-08 08:12:17.106823,CONT_001,Vaccines,Hyderabad,Chennai,6.96,77.26,0.038,1080.81,Medium,Check Cooling System,Warning
2026-08-08 08:12:18.110218,CONT_001,Vaccines,Hyderabad,Chennai,6.71,66.18,0.012,186.88,Medium,Check Cooling System,Warning
2026-08-08 08:12:19.115353,CONT_003,Dairy,Bengaluru,Pune,4.25,70.73,0.081,565.41,High,Immediate Inspection,Critical
2026-08-08 08:12:20.119154,CONT_003,Dairy,Bengaluru,Pune,1.83,85.47,0.065,460.27,Medium,Check Cooling System,Warning
2026-08-08 08:12:21.123088,CONT_002,Seafood,Vizag,Mumbai,-1.2,79.9,0.09,49.32,High,Immediate Inspection,Critical
2026-08-08 08:12:22.126432,CONT_004,Fruits,Nagpur,Delhi,7.13,85.67,0.073,882.21,Medium,Check Cooling System,Warning
2026-08-08 08:12:23.130397,CONT_004,Fruits,Nagpur,Delhi,11.67,82.68,0.017,278.17,High,Immediate Inspection,Critical
2026-08-08 08:12:24.134012,CONT_003,Dairy,Bengaluru,Pune,2.69,80.7,0.022,350.3,Low,Continue Monitoring,Normal
2026-08-08 08:12:25.138514,CONT_003,Dairy,Bengaluru,Pune,1.88,85.22,0.023,23.87,Low,Continue Monitoring,Normal
2026-08-08 08:12:26.142618,CONT_002,Seafood,Vizag,Mumbai,-1.04,61.92,0.032,1006.21,Low,Continue Monitoring,Normal
2026-08-08 08:12:27.146300,CONT_004,Fruits,Nagpur,Delhi,7.57,61.2,0.039,716.4,Medium,Check Cooling System,Warning
2026-08-08 08:12:28.149896,CONT_002,Seafood,Vizag,Mumbai,-0.31,80.76,0.08,1075.86,Medium,Check Cooling System,Warning
2026-08-08 08:12:29.153400,CONT_004,Fruits,Nagpur,Delhi,4.65,78.79,0.075,863.92,Medium,Check Cooling System,Warning
2026-08-08 08:12:30.157206,CONT_004,Fruits,Nagpur,Delhi,6.93,74.72,0.02,371.38,Medium,Check Cooling System,Warning
2026-08-08 08:12:31.161707,CONT_001,Vaccines,Hyderabad,Chennai,2.97,74.84,0.091,210.71,High,Immediate Inspection,Critical
2026-08-08 08:12:32.165939,CONT_002,Seafood,Vizag,Mumbai,0.75,66.0,0.094,395.68,High,Immediate Inspection,Critical
2026-08-08 08:12:33.170808,CONT_001,Vaccines,Hyderabad,Chennai,4.03,64.94,0.089,381.27,High,Immediate Inspection,Critical
2026-08-08 08:12:34.175170,CONT_002,Seafood,Vizag,Mumbai,2.41,79.64,0.036,759.31,Low,Continue Monitoring,Normal
2026-08-08 08:12:35.178793,CONT_003,Dairy,Bengaluru,Pune,2.41,74.05,0.088,215.69,High,Immediate Inspection,Critical
2026-08-08 08:12:36.182739,CONT_004,Fruits,Nagpur,Delhi,5.02,76.24,0.033,275.18,Medium,Check Cooling System,Warning
2026-08-08 08:12:37.186714,CONT_004,Fruits,Nagpur,Delhi,11.24,69.39,0.095,1081.04,High,Immediate Inspection,Critical
2026-08-08 08:12:38.190557,CONT_003,Dairy,Bengaluru,Pune,3.98,73.92,0.097,733.78,High,Immediate Inspection,Critical
2026-08-08 08:12:39.194031,CONT_002,Seafood,Vizag,Mumbai,3.34,89.41,0.092,528.51,High,Immediate Inspection,Critical
2026-08-08 08:12:40.197650,CONT_001,Vaccines,Hyderabad,Chennai,4.73,70.34,0.065,1329.86,Medium,Check Cooling System,Warning
2026-08-08 08:12:41.201983,CONT_003,Dairy,Bengaluru,Pune,2.51,60.08,0.069,1428.63,Medium,Check Cooling System,Warning
2026-08-08 08:12:42.205609,CONT_003,Dairy,Bengaluru,Pune,4.97,65.84,0.032,919.14,Low,Continue Monitoring,Normal
2026-08-08 08:12:43.209800,CONT_001,Vaccines,Hyderabad,Chennai,3.52,69.61,0.053,1371.9,Medium,Check Cooling System,Warning
2026-08-08 08:12:44.215107,CONT_004,Fruits,Nagpur,Delhi,8.98,76.13,0.07,174.31,High,Immediate Inspection,Critical
2026-08-08 08:12:45.218913,CONT_003,Dairy,Bengaluru,Pune,4.34,70.63,0.049,796.39,Low,Continue Monitoring,Normal
2026-08-08 08:12:46.222922,CONT_003,Dairy,Bengaluru,Pune,1.66,63.67,0.079,98.59,Medium,Check Cooling System,Warning
2026-08-08 08:12:47.227315,CONT_004,Fruits,Nagpur,Delhi,10.54,66.23,0.012,220.03,High,Immediate Inspection,Critical
2026-08-08 08:12:48.231810,CONT_004,Fruits,Nagpur,Delhi,7.85,71.57,0.073,924.23,Medium,Check Cooling System,Warning
2026-08-08 08:12:49.235403,CONT_004,Fruits,Nagpur,Delhi,7.3,84.21,0.058,1275.15,Medium,Check Cooling System,Warning
2026-08-08 08:12:50.238810,CONT_001,Vaccines,Hyderabad,Chennai,6.86,85.16,0.085,309.05,High,Immediate Inspection,Critical
2026-08-08 08:12:51.242674,CONT_004,Fruits,Nagpur,Delhi,11.35,76.62,0.029,1360.2,High,Immediate Inspection,Critical
2026-08-08 08:12:52.246137,CONT_002,Seafood,Vizag,Mumbai,0.09,70.97,0.085,386.63,High,Immediate Inspection,Critical
2026-08-08 08:12:53.249631,CONT_002,Seafood,Vizag,Mumbai,3.2,71.8,0.082,935.65,High,Immediate Inspection,Critical
2026-08-09 09:22:11.824168,CONT_003,Dairy,Bengaluru,Pune,4.62,67.65,0.012,561.09,Low,Continue Monitoring,Normal
2026-08-09 09:22:12.845446,CONT_003,Dairy,Bengaluru,Pune,1.31,84.16,0.051,22.93,Medium,Check Cooling System,Warning
2026-08-09 09:22:13.851992,CONT_004,Fruits,Nagpur,Delhi,4.53,69.66,0.053,191.24,Medium,Check Cooling System,Warning
2026-08-09 09:22:14.862215,CONT_002,Seafood,Vizag,Mumbai,0.6,62.34,0.067,1199.74,Medium,Check Cooling System,Warning
2026-08-09 09:22:15.876194,CONT_004,Fruits,Nagpur,Delhi,10.69,75.23,0.074,78.81,High,Immediate Inspection,Critical
2026-08-09 09:22:16.885766,CONT_002,Seafood,Vizag,Mumbai,-0.44,61.8,0.097,1434.25,High,Immediate Inspection,Critical
2026-08-09 09:22:17.943073,CONT_001,Vaccines,Hyderabad,Chennai,5.35,65.07,0.076,537.7,Medium,Check Cooling System,Warning
2026-08-09 09:22:18.951994,CONT_001,Vaccines,Hyderabad,Chennai,4.84,66.75,0.073,506.33,Medium,Check Cooling System,Warning
2026-08-09 09:22:19.959408,CONT_002,Seafood,Vizag,Mumbai,3.32,67.97,0.072,1267.22,Medium,Check Cooling System,Warning
2026-08-09 09:22:20.965792,CONT_004,Fruits,Nagpur,Delhi,6.38,68.83,0.029,72.9,Medium,Check Cooling System,Warning
2026-08-09 09:22:21.971046,CONT_003,Dairy,Bengaluru,Pune,2.37,77.91,0.011,919.87,Low,Continue Monitoring,Normal
2026-08-09 09:22:22.984856,CONT_003,Dairy,Bengaluru,Pune,2.73,72.15,0.063,506.33,Medium,Check Cooling System,Warning
2026-08-09 09:22:23.993527,CONT_002,Seafood,Vizag,Mumbai,-1.71,63.19,0.075,439.97,Medium,Check Cooling System,Warning
2026-08-09 09:22:25.002312,CONT_003,Dairy,Bengaluru,Pune,2.0,65.38,0.033,1347.62,Low,Continue Monitoring,Normal
2026-08-09 09:22:26.040334,CONT_004,Fruits,Nagpur,Delhi,8.54,60.31,0.047,1198.86,High,Immediate Inspection,Critical
2026-08-09 09:22:27.045021,CONT_004,Fruits,Nagpur,Delhi,5.79,78.15,0.04,317.41,Medium,Check Cooling System,Warning
2026-08-09 09:22:28.053623,CONT_002,Seafood,Vizag,Mumbai,-1.32,80.15,0.01,947.72,Low,Continue Monitoring,Normal
2026-08-09 09:22:29.062423,CONT_003,Dairy,Bengaluru,Pune,4.65,80.3,0.015,711.28,Low,Continue Monitoring,Normal
2026-08-09 09:22:30.072313,CONT_001,Vaccines,Hyderabad,Chennai,4.67,75.52,0.08,159.33,Medium,Check Cooling System,Warning
2026-08-09 09:22:31.075181,CONT_004,Fruits,Nagpur,Delhi,7.67,75.42,0.036,1157.39,Medium,Check Cooling System,Warning
2026-08-09 09:22:32.085861,CONT_004,Fruits,Nagpur,Delhi,6.94,85.08,0.099,363.85,High,Immediate Inspection,Critical
2026-08-09 09:22:33.092583,CONT_002,Seafood,Vizag,Mumbai,3.2,61.72,0.015,1357.14,Low,Continue Monitoring,Normal
2026-08-09 09:22:34.102204,CONT_002,Seafood,Vizag,Mumbai,-1.14,64.87,0.054,958.59,Medium,Check Cooling System,Warning
2026-08-09 09:22:35.108266,CONT_004,Fruits,Nagpur,Delhi,6.79,76.14,0.074,166.35,Medium,Check Cooling System,Warning
2026-08-09 09:22:36.117659,CONT_001,Vaccines,Hyderabad,Chennai,3.55,64.88,0.033,105.74,Low,Continue Monitoring,Normal
2026-08-09 09:22:37.124219,CONT_004,Fruits,Nagpur,Delhi,4.51,68.49,0.03,678.65,Low,Continue Monitoring,Normal
2026-08-09 09:22:38.145749,CONT_001,Vaccines,Hyderabad,Chennai,3.97,62.05,0.023,386.26,Low,Continue Monitoring,Normal
2026-08-09 09:22:39.151572,CONT_001,Vaccines,Hyderabad,Chennai,6.41,72.85,0.051,617.47,Medium,Check Cooling System,Warning
2026-08-09 09:22:40.161780,CONT_002,Seafood,Vizag,Mumbai,0.66,68.55,0.041,267.14,Low,Continue Monitoring,Normal
2026-08-09 09:22:41.169639,CONT_004,Fruits,Nagpur,Delhi,10.82,66.91,0.092,826.33,High,Immediate Inspection,Critical
2026-08-09 09:22:42.182335,CONT_001,Vaccines,Hyderabad,Chennai,6.65,76.43,0.052,545.99,Medium,Check Cooling System,Warning
2026-08-09 09:22:43.187381,CONT_003,Dairy,Bengaluru,Pune,2.25,60.74,0.093,490.32,High,Immediate Inspection,Critical
2026-08-09 09:22:44.195810,CONT_003,Dairy,Bengaluru,Pune,4.0,61.91,0.044,1221.02,Low,Continue Monitoring,Normal
2026-08-09 09:22:45.206041,CONT_004,Fruits,Nagpur,Delhi,6.74,88.59,0.03,795.14,Medium,Check Cooling System,Warning
2026-08-09 09:22:46.213644,CONT_004,Fruits,Nagpur,Delhi,11.81,88.79,0.065,408.07,High,Immediate Inspection,Critical
2026-08-09 09:22:47.222261,CONT_004,Fruits,Nagpur,Delhi,11.93,76.32,0.06,1496.5,High,Immediate Inspection,Critical
2026-08-09 09:22:48.235356,CONT_003,Dairy,Bengaluru,Pune,2.61,71.88,0.077,354.2,Medium,Check Cooling System,Warning
2026-08-09 09:22:49.244181,CONT_002,Seafood,Vizag,Mumbai,1.79,81.21,0.077,719.31,Medium,Check Cooling System,Warning
2026-08-09 09:22:50.250823,CONT_002,Seafood,Vizag,Mumbai,3.46,60.1,0.047,512.68,Low,Continue Monitoring,Normal
2026-08-09 09:22:51.256230,CONT_004,Fruits,Nagpur,Delhi,11.18,67.01,0.012,1164.69,High,Immediate Inspection,Critical
2026-08-09 09:22:52.265537,CONT_001,Vaccines,Hyderabad,Chennai,3.37,67.37,0.079,1176.55,Medium,Check Cooling System,Warning
2026-08-09 09:22:53.272547,CONT_004,Fruits,Nagpur,Delhi,11.59,68.0,0.068,224.37,High,Immediate Inspection,Critical
2026-08-09 09:22:54.279930,CONT_002,Seafood,Vizag,Mumbai,-1.89,86.75,0.097,571.16,High,Immediate Inspection,Critical
2026-08-09 09:22:55.288354,CONT_002,Seafood,Vizag,Mumbai,2.83,75.56,0.072,736.18,Medium,Check Cooling System,Warning
2026-08-09 09:22:56.295331,CONT_002,Seafood,Vizag,Mumbai,3.35,69.84,0.013,551.33,Low,Continue Monitoring,Normal
2026-08-09 09:22:57.324926,CONT_001,Vaccines,Hyderabad,Chennai,6.47,71.93,0.073,842.82,Medium,Check Cooling System,Warning
2026-08-09 09:22:58.331369,CONT_004,Fruits,Nagpur,Delhi,9.61,60.59,0.091,466.01,High,Immediate Inspection,Critical
2026-08-09 09:22:59.336496,CONT_002,Seafood,Vizag,Mumbai,-0.98,85.09,0.014,1365.13,Low,Continue Monitoring,Normal
2026-08-09 09:23:00.347651,CONT_001,Vaccines,Hyderabad,Chennai,2.51,60.58,0.094,1014.56,High,Immediate Inspection,Critical
2026-08-09 09:23:01.354084,CONT_004,Fruits,Nagpur,Delhi,9.14,87.4,0.059,670.2,High,Immediate Inspection,Critical
2026-08-09 09:23:02.362271,CONT_002,Seafood,Vizag,Mumbai,-0.38,62.92,0.092,597.43,High,Immediate Inspection,Critical
2026-08-09 09:23:03.372869,CONT_003,Dairy,Bengaluru,Pune,1.48,60.87,0.05,1473.94,Low,Continue Monitoring,Normal
2026-08-09 09:23:04.379958,CONT_002,Seafood,Vizag,Mumbai,0.24,70.09,0.023,172.83,Low,Continue Monitoring,Normal
2026-08-09 09:23:05.388269,CONT_004,Fruits,Nagpur,Delhi,10.93,85.69,0.087,347.35,High,Immediate Inspection,Critical
2026-08-09 09:23:06.392955,CONT_002,Seafood,Vizag,Mumbai,-0.73,65.53,0.095,1443.88,High,Immediate Inspection,Critical
2026-08-09 09:23:07.400354,CONT_001,Vaccines,Hyderabad,Chennai,6.46,69.91,0.037,107.74,Medium,Check Cooling System,Warning
2026-08-09 09:23:08.410292,CONT_002,Seafood,Vizag,Mumbai,0.2,89.49,0.037,124.1,Low,Continue Monitoring,Normal
2026-08-09 09:23:09.418504,CONT_001,Vaccines,Hyderabad,Chennai,2.2,77.51,0.047,880.7,Low,Continue Monitoring,Normal
2026-08-09 09:23:10.425997,CONT_003,Dairy,Bengaluru,Pune,1.91,62.32,0.083,460.0,High,Immediate Inspection,Critical
2026-08-09 09:23:11.433872,CONT_002,Seafood,Vizag,Mumbai,-0.75,80.26,0.041,554.2,Low,Continue Monitoring,Normal
2026-08-09 09:23:12.442788,CONT_002,Seafood,Vizag,Mumbai,-0.53,79.37,0.058,1464.8,Medium,Check Cooling System,Warning
2026-08-09 09:23:13.451478,CONT_001,Vaccines,Hyderabad,Chennai,6.73,86.16,0.011,422.99,Medium,Check Cooling System,Warning
2026-08-09 09:23:14.459682,CONT_004,Fruits,Nagpur,Delhi,5.04,82.68,0.03,1397.84,Medium,Check Cooling System,Warning
2026-08-09 09:23:15.467415,CONT_002,Seafood,Vizag,Mumbai,2.39,79.79,0.036,238.86,Low,Continue Monitoring,Normal
2026-08-09 09:23:16.474061,CONT_003,Dairy,Bengaluru,Pune,3.56,78.35,0.034,974.28,Low,Continue Monitoring,Normal
2026-08-09 09:23:17.480331,CONT_003,Dairy,Bengaluru,Pune,2.64,62.61,0.055,1375.48,Medium,Check Cooling System,Warning
2026-08-09 09:23:18.490131,CONT_002,Seafood,Vizag,Mumbai,-0.26,83.55,0.095,1359.34,High,Immediate Inspection,Critical
2026-08-09 09:23:19.497002,CONT_003,Dairy,Bengaluru,Pune,3.98,71.31,0.057,918.94,Medium,Check Cooling System,Warning
2026-08-09 09:23:20.503912,CONT_003,Dairy,Bengaluru,Pune,4.67,61.28,0.031,1450.2,Low,Continue Monitoring,Normal
2026-08-09 09:23:21.510887,CONT_004,Fruits,Nagpur,Delhi,8.58,70.37,0.062,1210.94,High,Immediate Inspection,Critical
2026-08-09 09:23:22.519339,CONT_001,Vaccines,Hyderabad,Chennai,4.15,66.19,0.088,1228.57,High,Immediate Inspection,Critical
2026-08-09 09:23:23.527123,CONT_002,Seafood,Vizag,Mumbai,1.5,73.12,0.083,225.11,High,Immediate Inspection,Critical
2026-08-09 09:23:24.533873,CONT_004,Fruits,Nagpur,Delhi,7.52,72.77,0.033,115.97,Medium,Check Cooling System,Warning
2026-08-09 09:23:25.541861,CONT_003,Dairy,Bengaluru,Pune,4.31,62.33,0.064,1247.22,Medium,Check Cooling System,Warning
2026-08-09 09:23:26.548999,CONT_004,Fruits,Nagpur,Delhi,10.99,62.58,0.026,1036.67,High,Immediate Inspection,Critical
2026-08-09 09:23:27.555935,CONT_002,Seafood,Vizag,Mumbai,-1.88,73.21,0.079,538.59,Medium,Check Cooling System,Warning
2026-08-09 09:23:28.565243,CONT_004,Fruits,Nagpur,Delhi,10.23,89.41,0.069,1306.51,High,Immediate Inspection,Critical
2026-08-09 09:23:29.577909,CONT_001,Vaccines,Hyderabad,Chennai,6.5,77.23,0.093,400.39,High,Immediate Inspection,Critical
2026-08-09 09:23:30.591442,CONT_004,Fruits,Nagpur,Delhi,4.15,82.47,0.046,438.55,Low,Continue Monitoring,Normal
2026-08-09 09:23:31.598789,CONT_001,Vaccines,Hyderabad,Chennai,3.83,78.5,0.06,145.47,Medium,Check Cooling System,Warning
2026-08-09 09:23:32.606586,CONT_004,Fruits,Nagpur,Delhi,7.32,86.68,0.032,638.44,Medium,Check Cooling System,Warning
2026-08-09 09:23:33.616907,CONT_001,Vaccines,Hyderabad,Chennai,7.97,63.68,0.081,155.32,High,Immediate Inspection,Critical
2026-08-09 09:23:34.626047,CONT_004,Fruits,Nagpur,Delhi,8.7,81.7,0.078,611.4,High,Immediate Inspection,Critical
2026-08-09 09:23:35.633310,CONT_003,Dairy,Bengaluru,Pune,1.02,80.18,0.06,209.38,Medium,Check Cooling System,Warning
2026-08-09 09:23:36.641697,CONT_002,Seafood,Vizag,Mumbai,3.94,89.63,0.041,913.99,Low,Continue Monitoring,Normal
2026-08-09 09:23:37.649292,CONT_001,Vaccines,Hyderabad,Chennai,4.26,80.57,0.024,599.95,Low,Continue Monitoring,Normal
2026-08-09 09:23:38.657839,CONT_003,Dairy,Bengaluru,Pune,1.01,86.18,0.075,51.98,Medium,Check Cooling System,Warning
2026-08-09 09:23:39.665671,CONT_002,Seafood,Vizag,Mumbai,2.64,80.76,0.064,1203.76,Medium,Check Cooling System,Warning
2026-08-09 09:23:40.667224,CONT_004,Fruits,Nagpur,Delhi,7.81,64.41,0.03,300.72,Medium,Check Cooling System,Warning
2026-08-09 09:23:41.678114,CONT_002,Seafood,Vizag,Mumbai,1.81,68.76,0.025,1172.75,Low,Continue Monitoring,Normal
2026-08-09 09:23:42.691365,CONT_004,Fruits,Nagpur,Delhi,4.44,61.16,0.083,1080.45,High,Immediate Inspection,Critical
2026-08-09 09:23:43.702195,CONT_002,Seafood,Vizag,Mumbai,3.07,66.88,0.073,1010.51,Medium,Check Cooling System,Warning
2026-08-09 09:23:44.709224,CONT_003,Dairy,Bengaluru,Pune,4.56,76.75,0.059,1388.75,Medium,Check Cooling System,Warning
2026-08-09 09:23:45.722081,CONT_001,Vaccines,Hyderabad,Chennai,7.49,71.63,0.087,809.71,High,Immediate Inspection,Critical
2026-08-09 09:23:46.730891,CONT_003,Dairy,Bengaluru,Pune,2.71,79.5,0.02,396.7,Low,Continue Monitoring,Normal
2026-08-09 09:23:47.739412,CONT_003,Dairy,Bengaluru,Pune,3.58,78.21,0.078,27.41,Medium,Check Cooling System,Warning
2026-08-09 09:23:48.748180,CONT_003,Dairy,Bengaluru,Pune,1.76,72.19,0.058,179.75,Medium,Check Cooling System,Warning
2026-08-09 09:23:49.753413,CONT_003,Dairy,Bengaluru,Pune,3.86,73.79,0.062,339.09,Medium,Check Cooling System,Warning
2026-08-09 09:23:50.761538,CONT_004,Fruits,Nagpur,Delhi,9.38,79.8,0.038,64.01,High,Immediate Inspection,Critical
2026-08-09 09:23:51.765078,CONT_003,Dairy,Bengaluru,Pune,4.37,81.74,0.08,1302.0,Medium,Check Cooling System,Warning
2026-08-09 09:23:52.777365,CONT_001,Vaccines,Hyderabad,Chennai,7.14,66.2,0.049,1177.37,Medium,Check Cooling System,Warning
2026-08-09 09:23:53.786071,CONT_004,Fruits,Nagpur,Delhi,4.12,85.08,0.084,778.1,High,Immediate Inspection,Critical
2026-08-09 09:23:54.794092,CONT_001,Vaccines,Hyderabad,Chennai,3.53,82.21,0.042,664.05,Low,Continue Monitoring,Normal
2026-08-09 09:23:55.801489,CONT_001,Vaccines,Hyderabad,Chennai,4.6,71.46,0.078,79.14,Medium,Check Cooling System,Warning
2026-08-09 09:23:56.810846,CONT_003,Dairy,Bengaluru,Pune,3.12,81.5,0.023,60.81,Low,Continue Monitoring,Normal
2026-08-09 09:23:57.817738,CONT_003,Dairy,Bengaluru,Pune,1.78,86.64,0.046,451.58,Low,Continue Monitoring,Normal
2026-08-09 09:23:58.823409,CONT_003,Dairy,Bengaluru,Pune,1.08,69.63,0.08,557.48,Medium,Check Cooling System,Warning
2026-08-09 09:23:59.832219,CONT_002,Seafood,Vizag,Mumbai,1.96,65.87,0.049,1109.56,Low,Continue Monitoring,Normal
2026-08-09 09:24:00.839711,CONT_001,Vaccines,Hyderabad,Chennai,3.39,67.26,0.015,310.69,Low,Continue Monitoring,Normal
2026-08-09 09:24:01.847620,CONT_001,Vaccines,Hyderabad,Chennai,5.81,70.42,0.084,583.86,High,Immediate Inspection,Critical
2026-08-09 09:24:02.855199,CONT_004,Fruits,Nagpur,Delhi,9.16,87.15,0.09,253.85,High,Immediate Inspection,Critical
2026-08-09 09:24:03.859034,CONT_003,Dairy,Bengaluru,Pune,2.42,87.41,0.063,1156.94,Medium,Check Cooling System,Warning
2026-08-09 09:24:04.869311,CONT_003,Dairy,Bengaluru,Pune,4.85,79.83,0.076,145.52,Medium,Check Cooling System,Warning
2026-08-09 09:24:05.877264,CONT_003,Dairy,Bengaluru,Pune,4.3,81.59,0.088,1343.69,High,Immediate Inspection,Critical
2026-08-09 09:24:06.887675,CONT_002,Seafood,Vizag,Mumbai,0.93,78.38,0.096,995.5,High,Immediate Inspection,Critical
2026-08-09 09:24:07.894743,CONT_004,Fruits,Nagpur,Delhi,8.42,67.29,0.067,26.99,High,Immediate Inspection,Critical
2026-08-09 09:24:08.902796,CONT_004,Fruits,Nagpur,Delhi,8.83,63.77,0.094,312.75,High,Immediate Inspection,Critical
2026-08-09 09:24:09.911169,CONT_001,Vaccines,Hyderabad,Chennai,7.15,77.84,0.03,1016.94,Medium,Check Cooling System,Warning
2026-08-09 09:24:10.918927,CONT_001,Vaccines,Hyderabad,Chennai,2.05,69.17,0.054,822.89,Medium,Check Cooling System,Warning
2026-08-09 09:24:11.925950,CONT_004,Fruits,Nagpur,Delhi,6.11,72.4,0.053,913.58,Medium,Check Cooling System,Warning
2026-08-09 09:24:12.930475,CONT_003,Dairy,Bengaluru,Pune,1.46,69.22,0.07,1415.5,Medium,Check Cooling System,Warning
2026-08-09 09:24:13.939587,CONT_001,Vaccines,Hyderabad,Chennai,3.54,70.97,0.039,1054.36,Low,Continue Monitoring,Normal
2026-08-09 09:24:14.946487,CONT_002,Seafood,Vizag,Mumbai,2.08,61.36,0.043,731.77,Low,Continue Monitoring,Normal
2026-08-09 09:24:15.953719,CONT_001,Vaccines,Hyderabad,Chennai,7.88,84.11,0.01,1125.01,Medium,Check Cooling System,Warning
2026-08-09 09:24:16.962265,CONT_003,Dairy,Bengaluru,Pune,4.62,85.92,0.038,732.92,Low,Continue Monitoring,Normal
2026-08-09 09:24:17.966775,CONT_001,Vaccines,Hyderabad,Chennai,2.55,87.56,0.05,38.67,Low,Continue Monitoring,Normal
2026-08-09 09:24:18.973800,CONT_001,Vaccines,Hyderabad,Chennai,7.45,75.53,0.095,1243.69,High,Immediate Inspection,Critical
2026-08-09 09:24:19.980534,CONT_001,Vaccines,Hyderabad,Chennai,3.93,64.8,0.089,1390.82,High,Immediate Inspection,Critical
2026-08-09 09:24:20.991315,CONT_002,Seafood,Vizag,Mumbai,-0.79,81.17,0.093,603.32,High,Immediate Inspection,Critical
2026-08-09 09:24:22.003777,CONT_001,Vaccines,Hyderabad,Chennai,6.29,81.12,0.055,139.22,Medium,Check Cooling System,Warning
2026-08-09 09:24:23.010623,CONT_003,Dairy,Bengaluru,Pune,1.57,77.23,0.038,905.25,Low,Continue Monitoring,Normal
2026-08-09 09:24:24.018432,CONT_002,Seafood,Vizag,Mumbai,3.17,60.82,0.091,166.8,High,Immediate Inspection,Critical
2026-08-09 09:24:25.022844,CONT_001,Vaccines,Hyderabad,Chennai,3.39,89.59,0.068,965.63,Medium,Check Cooling System,Warning
2026-08-09 09:24:26.049373,CONT_003,Dairy,Bengaluru,Pune,1.64,68.59,0.097,511.88,High,Immediate Inspection,Critical
2026-08-09 09:24:27.057770,CONT_003,Dairy,Bengaluru,Pune,4.21,72.02,0.074,193.34,Medium,Check Cooling System,Warning
2026-08-09 09:24:28.064209,CONT_002,Seafood,Vizag,Mumbai,1.24,67.63,0.042,1115.84,Low,Continue Monitoring,Normal
2026-08-09 09:24:29.076204,CONT_002,Seafood,Vizag,Mumbai,1.68,84.76,0.01,549.99,Low,Continue Monitoring,Normal
2026-08-09 09:24:30.082501,CONT_002,Seafood,Vizag,Mumbai,1.03,70.19,0.066,1121.87,Medium,Check Cooling System,Warning
2026-08-09 09:24:31.091752,CONT_001,Vaccines,Hyderabad,Chennai,4.6,65.64,0.02,1410.04,Low,Continue Monitoring,Normal
2026-08-09 09:24:32.099011,CONT_004,Fruits,Nagpur,Delhi,8.15,89.89,0.078,210.29,High,Immediate Inspection,Critical
2026-08-09 09:24:33.105030,CONT_004,Fruits,Nagpur,Delhi,9.58,72.5,0.038,1275.56,High,Immediate Inspection,Critical
2026-08-09 09:24:34.112329,CONT_004,Fruits,Nagpur,Delhi,5.19,66.24,0.063,202.57,Medium,Check Cooling System,Warning
2026-08-09 09:24:35.118695,CONT_003,Dairy,Bengaluru,Pune,2.93,77.42,0.038,1085.31,Low,Continue Monitoring,Normal
2026-08-09 09:24:36.125780,CONT_004,Fruits,Nagpur,Delhi,9.67,80.62,0.065,850.2,High,Immediate Inspection,Critical
2026-08-09 09:24:37.133890,CONT_001,Vaccines,Hyderabad,Chennai,4.02,83.73,0.054,736.88,Medium,Check Cooling System,Warning
2026-08-09 09:24:38.147062,CONT_003,Dairy,Bengaluru,Pune,2.03,71.32,0.035,1144.48,Low,Continue Monitoring,Normal
2026-08-09 09:24:39.156078,CONT_003,Dairy,Bengaluru,Pune,3.88,77.08,0.048,647.55,Low,Continue Monitoring,Normal
2026-08-09 09:24:40.157373,CONT_003,Dairy,Bengaluru,Pune,3.26,74.17,0.036,1422.86,Low,Continue Monitoring,Normal
2026-08-09 09:24:41.171188,CONT_004,Fruits,Nagpur,Delhi,9.86,82.54,0.043,69.91,High,Immediate Inspection,Critical
2026-08-09 09:24:42.179869,CONT_001,Vaccines,Hyderabad,Chennai,2.02,61.6,0.084,740.78,High,Immediate Inspection,Critical
2026-08-09 09:24:43.189006,CONT_003,Dairy,Bengaluru,Pune,4.26,76.97,0.044,1289.1,Low,Continue Monitoring,Normal
2026-08-09 09:24:44.198285,CONT_004,Fruits,Nagpur,Delhi,7.88,63.01,0.063,817.57,Medium,Check Cooling System,Warning
2026-08-09 09:24:45.208226,CONT_003,Dairy,Bengaluru,Pune,1.94,84.37,0.057,507.86,Medium,Check Cooling System,Warning
2026-08-09 09:24:46.215479,CONT_002,Seafood,Vizag,Mumbai,2.34,87.64,0.021,1116.24,Low,Continue Monitoring,Normal
2026-08-09 09:24:47.226844,CONT_001,Vaccines,Hyderabad,Chennai,2.81,64.18,0.051,72.7,Medium,Check Cooling System,Warning
2026-08-09 09:24:48.236680,CONT_003,Dairy,Bengaluru,Pune,4.1,71.9,0.076,697.3,Medium,Check Cooling System,Warning
2026-08-09 09:24:49.247181,CONT_002,Seafood,Vizag,Mumbai,2.11,84.13,0.073,575.95,Medium,Check Cooling System,Warning
2026-08-09 09:24:50.259026,CONT_002,Seafood,Vizag,Mumbai,0.58,66.86,0.081,1499.44,High,Immediate Inspection,Critical
2026-08-09 09:24:51.266761,CONT_003,Dairy,Bengaluru,Pune,2.01,69.29,0.028,319.02,Low,Continue Monitoring,Normal
2026-08-09 09:24:52.273748,CONT_004,Fruits,Nagpur,Delhi,10.65,69.85,0.027,1498.43,High,Immediate Inspection,Critical
2026-08-09 09:24:53.280391,CONT_004,Fruits,Nagpur,Delhi,10.53,60.36,0.085,1494.52,High,Immediate Inspection,Critical
2026-08-09 09:24:54.289230,CONT_004,Fruits,Nagpur,Delhi,8.92,89.08,0.076,507.1,High,Immediate Inspection,Critical
2026-08-09 09:24:55.295465,CONT_004,Fruits,Nagpur,Delhi,9.08,82.57,0.072,246.09,High,Immediate Inspection,Critical
2026-08-09 09:24:56.303994,CONT_004,Fruits,Nagpur,Delhi,5.59,86.21,0.024,1409.91,Medium,Check Cooling System,Warning
2026-08-09 09:24:57.310278,CONT_002,Seafood,Vizag,Mumbai,1.57,75.6,0.083,356.15,High,Immediate Inspection,Critical
2026-08-09 09:24:58.317988,CONT_003,Dairy,Bengaluru,Pune,4.57,77.45,0.037,220.67,Low,Continue Monitoring,Normal
2026-08-09 09:24:59.327221,CONT_003,Dairy,Bengaluru,Pune,1.39,82.57,0.089,972.76,High,Immediate Inspection,Critical
2026-08-09 09:25:00.333476,CONT_004,Fruits,Nagpur,Delhi,8.25,69.8,0.072,769.8,High,Immediate Inspection,Critical
2026-08-09 09:25:01.341197,CONT_002,Seafood,Vizag,Mumbai,-0.73,62.23,0.065,1366.88,Medium,Check Cooling System,Warning
2026-08-09 09:25:02.346175,CONT_003,Dairy,Bengaluru,Pune,1.91,87.56,0.028,106.13,Low,Continue Monitoring,Normal
2026-08-09 09:25:03.354857,CONT_001,Vaccines,Hyderabad,Chennai,2.81,71.75,0.028,397.65,Low,Continue Monitoring,Normal
2026-08-09 09:25:04.361504,CONT_004,Fruits,Nagpur,Delhi,8.35,83.41,0.067,1013.67,High,Immediate Inspection,Critical
2026-08-09 09:25:05.369922,CONT_004,Fruits,Nagpur,Delhi,7.87,69.87,0.038,1412.23,Medium,Check Cooling System,Warning
2026-08-09 09:25:06.378768,CONT_002,Seafood,Vizag,Mumbai,-0.37,70.08,0.098,630.07,High,Immediate Inspection,Critical
2026-08-09 09:25:07.388582,CONT_003,Dairy,Bengaluru,Pune,4.93,81.73,0.066,1406.2,Medium,Check Cooling System,Warning
2026-08-09 09:25:08.395505,CONT_003,Dairy,Bengaluru,Pune,4.29,72.59,0.02,363.49,Low,Continue Monitoring,Normal
2026-08-09 09:25:09.403741,CONT_001,Vaccines,Hyderabad,Chennai,3.02,88.72,0.061,90.36,Medium,Check Cooling System,Warning
2026-08-09 09:25:10.409385,CONT_001,Vaccines,Hyderabad,Chennai,7.98,65.1,0.099,486.48,High,Immediate Inspection,Critical
2026-08-09 09:25:11.417451,CONT_003,Dairy,Bengaluru,Pune,1.91,86.97,0.045,617.47,Low,Continue Monitoring,Normal
2026-08-09 09:25:12.424935,CONT_001,Vaccines,Hyderabad,Chennai,4.68,75.75,0.071,672.65,Medium,Check Cooling System,Warning
2026-08-09 09:25:13.431768,CONT_003,Dairy,Bengaluru,Pune,4.3,84.35,0.053,430.62,Medium,Check Cooling System,Warning
2026-08-09 09:25:14.440520,CONT_003,Dairy,Bengaluru,Pune,4.0,76.01,0.035,941.08,Low,Continue Monitoring,Normal
2026-08-09 09:25:15.449252,CONT_002,Seafood,Vizag,Mumbai,-1.71,73.5,0.07,1373.46,Medium,Check Cooling System,Warning
2026-08-09 09:25:16.456549,CONT_004,Fruits,Nagpur,Delhi,4.11,75.05,0.074,394.3,Medium,Check Cooling System,Warning
2026-08-09 09:25:17.465282,CONT_004,Fruits,Nagpur,Delhi,8.02,70.09,0.073,224.93,High,Immediate Inspection,Critical
2026-08-09 09:25:18.473080,CONT_004,Fruits,Nagpur,Delhi,7.82,76.25,0.013,559.39,Medium,Check Cooling System,Warning
2026-08-09 09:25:19.480716,CONT_001,Vaccines,Hyderabad,Chennai,4.08,76.27,0.013,1421.74,Low,Continue Monitoring,Normal
2026-08-09 09:25:20.491051,CONT_003,Dairy,Bengaluru,Pune,3.6,62.37,0.053,447.71,Medium,Check Cooling System,Warning
2026-08-09 09:25:21.499061,CONT_001,Vaccines,Hyderabad,Chennai,2.53,89.61,0.019,815.43,Low,Continue Monitoring,Normal
2026-08-09 09:25:22.508567,CONT_004,Fruits,Nagpur,Delhi,4.17,87.71,0.064,936.62,Medium,Check Cooling System,Warning
2026-08-09 09:25:23.515596,CONT_002,Seafood,Vizag,Mumbai,0.25,86.35,0.057,740.64,Medium,Check Cooling System,Warning
2026-08-09 09:25:24.523928,CONT_001,Vaccines,Hyderabad,Chennai,2.33,72.23,0.014,345.45,Low,Continue Monitoring,Normal
2026-08-09 09:25:25.530475,CONT_001,Vaccines,Hyderabad,Chennai,5.61,74.54,0.021,924.13,Medium,Check Cooling System,Warning
2026-08-09 09:25:26.537760,CONT_002,Seafood,Vizag,Mumbai,2.56,77.13,0.045,743.88,Low,Continue Monitoring,Normal
2026-08-09 09:25:27.544716,CONT_001,Vaccines,Hyderabad,Chennai,5.8,83.76,0.019,977.02,Medium,Check Cooling System,Warning
2026-08-09 09:25:28.553396,CONT_001,Vaccines,Hyderabad,Chennai,6.08,66.18,0.016,381.21,Medium,Check Cooling System,Warning
2026-08-09 09:25:29.560938,CONT_001,Vaccines,Hyderabad,Chennai,4.2,84.29,0.049,176.15,Low,Continue Monitoring,Normal
2026-08-09 09:25:30.572079,CONT_001,Vaccines,Hyderabad,Chennai,4.57,82.85,0.092,629.82,High,Immediate Inspection,Critical
2026-08-09 09:25:31.578687,CONT_004,Fruits,Nagpur,Delhi,4.62,61.97,0.039,442.87,Low,Continue Monitoring,Normal
2026-08-09 09:25:32.586434,CONT_001,Vaccines,Hyderabad,Chennai,3.14,88.7,0.072,550.3,Medium,Check Cooling System,Warning
2026-08-09 09:25:33.591348,CONT_004,Fruits,Nagpur,Delhi,11.06,62.88,0.039,365.15,High,Immediate Inspection,Critical
2026-08-09 09:25:34.597586,CONT_002,Seafood,Vizag,Mumbai,1.84,65.91,0.051,139.83,Medium,Check Cooling System,Warning
2026-08-09 09:25:35.599604,CONT_003,Dairy,Bengaluru,Pune,4.71,89.25,0.013,141.12,Low,Continue Monitoring,Normal
2026-08-09 09:25:36.611918,CONT_003,Dairy,Bengaluru,Pune,1.2,80.06,0.026,511.15,Low,Continue Monitoring,Normal
2026-08-09 09:25:37.619134,CONT_003,Dairy,Bengaluru,Pune,2.12,66.43,0.086,1379.09,High,Immediate Inspection,Critical
2026-08-09 09:25:38.626377,CONT_004,Fruits,Nagpur,Delhi,4.08,65.78,0.065,99.98,Medium,Check Cooling System,Warning
2026-08-09 09:25:39.635864,CONT_003,Dairy,Bengaluru,Pune,3.53,68.9,0.077,859.38,Medium,Check Cooling System,Warning
2026-08-09 09:25:40.643195,CONT_004,Fruits,Nagpur,Delhi,6.55,61.71,0.061,660.76,Medium,Check Cooling System,Warning
2026-08-09 09:25:41.657192,CONT_001,Vaccines,Hyderabad,Chennai,2.0,69.4,0.05,45.05,Low,Continue Monitoring,Normal
2026-08-09 09:25:42.663200,CONT_002,Seafood,Vizag,Mumbai,0.4,84.42,0.027,1294.63,Low,Continue Monitoring,Normal
2026-08-09 09:25:43.673622,CONT_004,Fruits,Nagpur,Delhi,11.87,68.88,0.051,176.55,High,Immediate Inspection,Critical
2026-08-09 09:25:44.680729,CONT_004,Fruits,Nagpur,Delhi,5.18,60.91,0.084,338.16,High,Immediate Inspection,Critical
2026-08-09 09:25:45.688061,CONT_001,Vaccines,Hyderabad,Chennai,4.62,73.55,0.045,273.26,Low,Continue Monitoring,Normal
2026-08-09 09:25:46.695691,CONT_002,Seafood,Vizag,Mumbai,1.12,70.27,0.034,425.0,Low,Continue Monitoring,Normal
2026-08-09 09:25:47.702258,CONT_002,Seafood,Vizag,Mumbai,2.76,81.67,0.086,1088.8,High,Immediate Inspection,Critical
2026-08-09 09:25:48.709278,CONT_002,Seafood,Vizag,Mumbai,-0.11,72.57,0.084,179.98,High,Immediate Inspection,Critical
2026-08-09 09:25:49.717603,CONT_003,Dairy,Bengaluru,Pune,1.16,70.15,0.033,1303.15,Low,Continue Monitoring,Normal
2026-08-09 09:25:50.724325,CONT_002,Seafood,Vizag,Mumbai,0.69,75.63,0.069,1364.34,Medium,Check Cooling System,Warning
2026-08-09 09:25:51.732854,CONT_002,Seafood,Vizag,Mumbai,0.4,88.75,0.06,1065.54,Medium,Check Cooling System,Warning
2026-08-09 09:25:52.741957,CONT_003,Dairy,Bengaluru,Pune,2.1,67.94,0.043,1074.71,Low,Continue Monitoring,Normal
2026-08-09 09:25:53.749470,CONT_004,Fruits,Nagpur,Delhi,9.03,77.51,0.08,1155.79,High,Immediate Inspection,Critical
2026-08-09 09:25:54.756823,CONT_003,Dairy,Bengaluru,Pune,3.34,82.96,0.031,858.83,Low,Continue Monitoring,Normal
2026-08-09 09:25:55.770579,CONT_003,Dairy,Bengaluru,Pune,1.77,70.74,0.073,712.88,Medium,Check Cooling System,Warning
2026-08-09 09:25:56.777552,CONT_004,Fruits,Nagpur,Delhi,4.07,75.76,0.066,352.46,Medium,Check Cooling System,Warning
2026-08-09 09:25:57.786587,CONT_004,Fruits,Nagpur,Delhi,6.47,77.29,0.094,1225.55,High,Immediate Inspection,Critical
2026-08-09 09:25:58.794853,CONT_003,Dairy,Bengaluru,Pune,2.11,70.87,0.048,492.26,Low,Continue Monitoring,Normal
2026-08-09 09:25:59.806435,CONT_001,Vaccines,Hyderabad,Chennai,5.92,79.41,0.034,401.1,Medium,Check Cooling System,Warning
2026-08-09 09:26:00.813288,CONT_003,Dairy,Bengaluru,Pune,1.12,82.55,0.053,684.12,Medium,Check Cooling System,Warning
2026-08-09 09:26:01.819341,CONT_002,Seafood,Vizag,Mumbai,1.94,73.04,0.019,891.65,Low,Continue Monitoring,Normal
2026-08-09 09:26:02.831701,CONT_002,Seafood,Vizag,Mumbai,-1.02,88.46,0.059,98.19,Medium,Check Cooling System,Warning
2026-08-09 09:26:03.839932,CONT_002,Seafood,Vizag,Mumbai,1.55,88.01,0.016,1215.58,Low,Continue Monitoring,Normal
2026-08-09 09:26:04.849703,CONT_001,Vaccines,Hyderabad,Chennai,5.07,70.13,0.086,429.8,High,Immediate Inspection,Critical
2026-08-09 09:26:05.856167,CONT_002,Seafood,Vizag,Mumbai,1.3,70.87,0.059,552.23,Medium,Check Cooling System,Warning
2026-08-09 09:26:06.865138,CONT_002,Seafood,Vizag,Mumbai,3.74,88.73,0.023,1196.56,Low,Continue Monitoring,Normal
2026-08-09 09:26:07.875304,CONT_002,Seafood,Vizag,Mumbai,-0.76,68.83,0.021,1161.34,Low,Continue Monitoring,Normal
2026-08-09 09:26:08.883829,CONT_003,Dairy,Bengaluru,Pune,3.03,61.37,0.037,84.91,Low,Continue Monitoring,Normal
2026-08-09 09:26:09.892552,CONT_002,Seafood,Vizag,Mumbai,3.61,88.92,0.094,1338.52,High,Immediate Inspection,Critical
2026-08-09 09:26:10.895571,CONT_001,Vaccines,Hyderabad,Chennai,4.15,87.55,0.056,180.58,Medium,Check Cooling System,Warning
2026-08-09 09:26:11.909838,CONT_003,Dairy,Bengaluru,Pune,4.83,73.85,0.077,769.08,Medium,Check Cooling System,Warning
2026-08-09 09:26:12.916806,CONT_001,Vaccines,Hyderabad,Chennai,2.55,69.76,0.049,1361.42,Low,Continue Monitoring,Normal
2026-08-09 09:26:13.923852,CONT_004,Fruits,Nagpur,Delhi,8.63,61.06,0.048,1437.77,High,Immediate Inspection,Critical
2026-08-09 09:26:14.934852,CONT_001,Vaccines,Hyderabad,Chennai,6.24,83.19,0.068,888.56,Medium,Check Cooling System,Warning
2026-08-09 09:26:15.942029,CONT_003,Dairy,Bengaluru,Pune,4.04,79.44,0.017,1435.09,Low,Continue Monitoring,Normal
2026-08-09 09:26:16.947181,CONT_003,Dairy,Bengaluru,Pune,4.65,71.91,0.052,919.12,Medium,Check Cooling System,Warning
2026-08-09 09:26:17.957697,CONT_001,Vaccines,Hyderabad,Chennai,7.72,77.62,0.076,92.49,Medium,Check Cooling System,Warning
2026-08-09 09:26:18.966314,CONT_001,Vaccines,Hyderabad,Chennai,5.96,73.34,0.041,417.02,Medium,Check Cooling System,Warning
2026-08-09 09:26:19.973247,CONT_001,Vaccines,Hyderabad,Chennai,3.06,66.67,0.019,756.48,Low,Continue Monitoring,Normal
2026-08-09 09:26:20.989702,CONT_001,Vaccines,Hyderabad,Chennai,7.7,86.6,0.061,487.47,Medium,Check Cooling System,Warning
2026-08-09 09:26:21.999276,CONT_002,Seafood,Vizag,Mumbai,-1.77,85.55,0.026,660.67,Low,Continue Monitoring,Normal
2026-08-09 09:26:23.007750,CONT_001,Vaccines,Hyderabad,Chennai,7.41,62.46,0.042,1418.34,Medium,Check Cooling System,Warning
2026-08-09 09:26:24.009420,CONT_004,Fruits,Nagpur,Delhi,9.92,79.62,0.045,801.58,High,Immediate Inspection,Critical
2026-08-09 09:26:25.024249,CONT_002,Seafood,Vizag,Mumbai,-0.11,80.27,0.088,943.48,High,Immediate Inspection,Critical
2026-08-09 09:26:26.031768,CONT_004,Fruits,Nagpur,Delhi,10.51,68.98,0.024,1433.76,High,Immediate Inspection,Critical
2026-08-09 09:26:27.038285,CONT_001,Vaccines,Hyderabad,Chennai,2.34,60.68,0.095,987.48,High,Immediate Inspection,Critical
2026-08-09 09:26:28.047718,CONT_004,Fruits,Nagpur,Delhi,8.64,64.16,0.048,90.56,High,Immediate Inspection,Critical
2026-08-09 09:26:29.056139,CONT_001,Vaccines,Hyderabad,Chennai,2.41,82.92,0.057,126.59,Medium,Check Cooling System,Warning
2026-08-09 09:26:30.063538,CONT_002,Seafood,Vizag,Mumbai,-1.06,68.51,0.06,887.97,Medium,Check Cooling System,Warning
2026-08-09 09:26:31.070526,CONT_001,Vaccines,Hyderabad,Chennai,6.22,82.32,0.087,1408.16,High,Immediate Inspection,Critical
2026-08-09 09:26:32.076758,CONT_002,Seafood,Vizag,Mumbai,0.74,73.49,0.014,1135.41,Low,Continue Monitoring,Normal
2026-08-09 09:26:33.083720,CONT_004,Fruits,Nagpur,Delhi,7.82,73.97,0.011,1438.89,Medium,Check Cooling System,Warning
2026-08-09 09:26:34.090075,CONT_002,Seafood,Vizag,Mumbai,-0.26,78.43,0.06,936.72,Medium,Check Cooling System,Warning
2026-08-09 09:26:35.100539,CONT_002,Seafood,Vizag,Mumbai,-1.01,81.54,0.039,1428.97,Low,Continue Monitoring,Normal
2026-08-09 09:26:36.108427,CONT_004,Fruits,Nagpur,Delhi,10.28,64.67,0.015,229.57,High,Immediate Inspection,Critical
2026-08-09 09:26:37.116227,CONT_002,Seafood,Vizag,Mumbai,-0.08,77.01,0.039,529.1,Low,Continue Monitoring,Normal
2026-08-09 09:26:38.122868,CONT_003,Dairy,Bengaluru,Pune,1.54,65.14,0.047,937.59,Low,Continue Monitoring,Normal
2026-08-09 09:26:39.128630,CONT_002,Seafood,Vizag,Mumbai,2.09,80.66,0.061,1103.21,Medium,Check Cooling System,Warning
2026-08-09 09:26:40.136013,CONT_003,Dairy,Bengaluru,Pune,1.03,81.69,0.013,1021.95,Low,Continue Monitoring,Normal
2026-08-09 09:26:41.143202,CONT_002,Seafood,Vizag,Mumbai,-0.67,69.85,0.027,824.35,Low,Continue Monitoring,Normal
2026-08-09 09:26:42.150120,CONT_004,Fruits,Nagpur,Delhi,6.06,60.02,0.061,409.95,Medium,Check Cooling System,Warning
2026-08-09 09:26:43.156223,CONT_002,Seafood,Vizag,Mumbai,3.23,70.87,0.02,627.05,Low,Continue Monitoring,Normal
2026-08-09 09:26:44.165737,CONT_002,Seafood,Vizag,Mumbai,3.45,84.08,0.077,1032.64,Medium,Check Cooling System,Warning
2026-08-09 09:26:45.172991,CONT_004,Fruits,Nagpur,Delhi,11.28,76.68,0.039,854.74,High,Immediate Inspection,Critical
2026-08-09 09:26:46.181935,CONT_002,Seafood,Vizag,Mumbai,0.8,88.62,0.044,369.21,Low,Continue Monitoring,Normal
2026-08-09 09:26:47.188199,CONT_002,Seafood,Vizag,Mumbai,-0.31,64.13,0.081,345.39,High,Immediate Inspection,Critical
2026-08-09 09:26:48.197792,CONT_002,Seafood,Vizag,Mumbai,-0.66,85.42,0.069,1196.8,Medium,Check Cooling System,Warning
2026-08-09 09:26:49.205026,CONT_003,Dairy,Bengaluru,Pune,3.31,76.86,0.021,292.27,Low,Continue Monitoring,Normal
2026-08-09 09:26:50.213063,CONT_004,Fruits,Nagpur,Delhi,7.44,79.0,0.083,661.77,High,Immediate Inspection,Critical
2026-08-09 09:26:51.232871,CONT_002,Seafood,Vizag,Mumbai,0.31,67.41,0.017,746.73,Low,Continue Monitoring,Normal
2026-08-09 09:26:52.243724,CONT_003,Dairy,Bengaluru,Pune,3.02,67.28,0.081,428.18,High,Immediate Inspection,Critical
2026-08-09 09:26:53.248664,CONT_001,Vaccines,Hyderabad,Chennai,3.44,61.77,0.087,400.95,High,Immediate Inspection,Critical
2026-08-09 09:26:54.258237,CONT_001,Vaccines,Hyderabad,Chennai,3.88,65.78,0.034,173.18,Low,Continue Monitoring,Normal
2026-08-09 09:26:55.266371,CONT_004,Fruits,Nagpur,Delhi,5.47,60.82,0.085,660.78,High,Immediate Inspection,Critical
2026-08-09 09:26:56.274622,CONT_001,Vaccines,Hyderabad,Chennai,6.6,78.32,0.025,428.39,Medium,Check Cooling System,Warning
2026-08-09 09:26:57.284401,CONT_003,Dairy,Bengaluru,Pune,2.15,88.7,0.065,1395.05,Medium,Check Cooling System,Warning
2026-08-09 09:26:58.363218,CONT_002,Seafood,Vizag,Mumbai,2.91,86.82,0.017,1467.63,Low,Continue Monitoring,Normal
2026-08-09 09:26:59.376229,CONT_003,Dairy,Bengaluru,Pune,1.69,74.82,0.011,1248.88,Low,Continue Monitoring,Normal
2026-08-09 09:27:00.390683,CONT_001,Vaccines,Hyderabad,Chennai,4.29,84.98,0.04,972.62,Low,Continue Monitoring,Normal
2026-08-09 09:27:01.397691,CONT_003,Dairy,Bengaluru,Pune,2.48,84.24,0.044,497.66,Low,Continue Monitoring,Normal
2026-08-09 09:27:02.404162,CONT_001,Vaccines,Hyderabad,Chennai,7.61,82.05,0.058,1443.17,Medium,Check Cooling System,Warning
2026-08-09 09:27:03.410618,CONT_004,Fruits,Nagpur,Delhi,4.13,78.96,0.042,755.29,Low,Continue Monitoring,Normal
2026-08-09 09:27:04.417773,CONT_002,Seafood,Vizag,Mumbai,-0.47,86.87,0.061,764.02,Medium,Check Cooling System,Warning
2026-08-09 09:27:05.427143,CONT_002,Seafood,Vizag,Mumbai,1.21,84.0,0.015,833.11,Low,Continue Monitoring,Normal
2026-08-09 09:27:06.434825,CONT_004,Fruits,Nagpur,Delhi,4.18,78.51,0.069,697.09,Medium,Check Cooling System,Warning
2026-08-09 09:27:07.442783,CONT_002,Seafood,Vizag,Mumbai,-0.47,88.06,0.069,341.82,Medium,Check Cooling System,Warning
2026-08-09 09:27:08.448622,CONT_004,Fruits,Nagpur,Delhi,11.17,61.64,0.064,1247.27,High,Immediate Inspection,Critical
2026-08-09 09:27:09.457691,CONT_003,Dairy,Bengaluru,Pune,3.4,82.79,0.088,858.68,High,Immediate Inspection,Critical
2026-08-09 09:27:10.460602,CONT_003,Dairy,Bengaluru,Pune,2.2,78.47,0.053,1140.94,Medium,Check Cooling System,Warning
2026-08-09 09:27:11.474347,CONT_003,Dairy,Bengaluru,Pune,2.87,68.42,0.071,544.83,Medium,Check Cooling System,Warning
2026-08-09 09:27:12.482786,CONT_004,Fruits,Nagpur,Delhi,5.83,88.97,0.012,1245.27,Medium,Check Cooling System,Warning
2026-08-09 09:27:13.493004,CONT_002,Seafood,Vizag,Mumbai,3.51,65.99,0.011,1221.64,Low,Continue Monitoring,Normal
2026-08-09 09:27:14.500934,CONT_001,Vaccines,Hyderabad,Chennai,6.08,82.2,0.058,766.9,Medium,Check Cooling System,Warning
2026-08-09 09:27:15.507139,CONT_001,Vaccines,Hyderabad,Chennai,4.42,87.31,0.022,1457.91,Low,Continue Monitoring,Normal
2026-08-09 09:27:16.514789,CONT_004,Fruits,Nagpur,Delhi,10.82,81.47,0.081,953.94,High,Immediate Inspection,Critical
2026-08-09 09:27:17.522007,CONT_003,Dairy,Bengaluru,Pune,3.38,87.16,0.029,553.1,Low,Continue Monitoring,Normal
2026-08-09 09:27:18.529537,CONT_003,Dairy,Bengaluru,Pune,3.4,64.87,0.089,279.75,High,Immediate Inspection,Critical
2026-08-09 09:27:19.539183,CONT_003,Dairy,Bengaluru,Pune,4.37,78.58,0.042,1292.27,Low,Continue Monitoring,Normal
2026-08-09 09:27:20.548420,CONT_001,Vaccines,Hyderabad,Chennai,7.33,78.86,0.074,389.53,Medium,Check Cooling System,Warning
2026-08-09 09:27:21.556181,CONT_002,Seafood,Vizag,Mumbai,3.95,63.89,0.013,156.71,Low,Continue Monitoring,Normal
2026-08-09 09:27:22.563206,CONT_001,Vaccines,Hyderabad,Chennai,6.39,88.34,0.052,768.86,Medium,Check Cooling System,Warning
2026-08-09 09:27:23.569884,CONT_003,Dairy,Bengaluru,Pune,4.43,75.22,0.079,490.77,Medium,Check Cooling System,Warning
2026-08-09 09:27:24.577147,CONT_004,Fruits,Nagpur,Delhi,11.17,79.68,0.089,737.08,High,Immediate Inspection,Critical
2026-08-09 09:27:25.583445,CONT_001,Vaccines,Hyderabad,Chennai,3.17,69.21,0.036,289.7,Low,Continue Monitoring,Normal
2026-08-09 09:27:26.589273,CONT_003,Dairy,Bengaluru,Pune,3.5,89.27,0.044,972.28,Low,Continue Monitoring,Normal
2026-08-09 09:27:27.592844,CONT_002,Seafood,Vizag,Mumbai,1.01,82.76,0.099,1417.82,High,Immediate Inspection,Critical
2026-08-09 09:27:28.602646,CONT_003,Dairy,Bengaluru,Pune,4.17,75.34,0.018,45.58,Low,Continue Monitoring,Normal
2026-08-09 09:27:29.610081,CONT_001,Vaccines,Hyderabad,Chennai,2.99,78.98,0.039,787.05,Low,Continue Monitoring,Normal
2026-08-09 09:27:30.618084,CONT_003,Dairy,Bengaluru,Pune,4.89,73.07,0.023,1222.21,Low,Continue Monitoring,Normal
2026-08-09 09:27:31.624940,CONT_001,Vaccines,Hyderabad,Chennai,6.37,75.67,0.035,1271.91,Medium,Check Cooling System,Warning
2026-08-09 09:27:32.632255,CONT_001,Vaccines,Hyderabad,Chennai,6.22,85.63,0.03,782.45,Medium,Check Cooling System,Warning
2026-08-09 09:27:33.639900,CONT_001,Vaccines,Hyderabad,Chennai,5.54,88.45,0.065,992.4,Medium,Check Cooling System,Warning
2026-08-09 09:27:34.645769,CONT_001,Vaccines,Hyderabad,Chennai,3.36,82.72,0.015,1426.65,Low,Continue Monitoring,Normal
2026-08-09 09:27:35.653838,CONT_001,Vaccines,Hyderabad,Chennai,7.9,65.17,0.084,1080.93,High,Immediate Inspection,Critical
2026-08-09 09:27:36.660637,CONT_002,Seafood,Vizag,Mumbai,-1.64,74.08,0.037,1352.74,Low,Continue Monitoring,Normal
2026-08-09 09:27:37.666931,CONT_003,Dairy,Bengaluru,Pune,4.38,88.81,0.073,1306.22,Medium,Check Cooling System,Warning
2026-08-09 09:27:38.671601,CONT_002,Seafood,Vizag,Mumbai,1.86,77.5,0.08,126.28,Medium,Check Cooling System,Warning
2026-08-09 09:27:39.679978,CONT_001,Vaccines,Hyderabad,Chennai,6.28,60.75,0.045,1031.0,Medium,Check Cooling System,Warning
2026-08-09 09:27:40.688409,CONT_003,Dairy,Bengaluru,Pune,3.77,62.27,0.086,802.34,High,Immediate Inspection,Critical
2026-08-09 09:27:41.694753,CONT_003,Dairy,Bengaluru,Pune,3.18,74.21,0.033,30.44,Low,Continue Monitoring,Normal
2026-08-09 09:27:42.698438,CONT_004,Fruits,Nagpur,Delhi,4.27,65.69,0.053,698.67,Medium,Check Cooling System,Warning
2026-08-09 09:27:43.708758,CONT_003,Dairy,Bengaluru,Pune,4.44,71.1,0.056,545.12,Medium,Check Cooling System,Warning
2026-08-09 09:27:44.716131,CONT_004,Fruits,Nagpur,Delhi,9.17,81.63,0.036,129.8,High,Immediate Inspection,Critical
2026-08-09 09:27:45.721803,CONT_003,Dairy,Bengaluru,Pune,3.32,89.28,0.084,877.22,High,Immediate Inspection,Critical
2026-08-09 09:27:46.728988,CONT_001,Vaccines,Hyderabad,Chennai,6.16,67.72,0.071,1138.82,Medium,Check Cooling System,Warning
2026-08-09 09:27:47.740030,CONT_003,Dairy,Bengaluru,Pune,4.34,71.15,0.062,895.86,Medium,Check Cooling System,Warning
2026-08-09 09:27:48.746373,CONT_004,Fruits,Nagpur,Delhi,8.23,77.44,0.082,1478.85,High,Immediate Inspection,Critical
2026-08-09 09:27:49.753214,CONT_002,Seafood,Vizag,Mumbai,-0.47,88.68,0.093,1238.27,High,Immediate Inspection,Critical
2026-08-09 09:27:50.759623,CONT_002,Seafood,Vizag,Mumbai,2.63,60.02,0.086,1078.54,High,Immediate Inspection,Critical
2026-08-09 09:27:51.767011,CONT_004,Fruits,Nagpur,Delhi,8.89,85.81,0.016,205.47,High,Immediate Inspection,Critical
2026-08-09 09:27:52.773058,CONT_004,Fruits,Nagpur,Delhi,7.29,64.78,0.099,593.76,High,Immediate Inspection,Critical
2026-08-09 09:27:53.780309,CONT_002,Seafood,Vizag,Mumbai,0.29,66.1,0.065,30.54,Medium,Check Cooling System,Warning
2026-08-09 09:27:54.789704,CONT_001,Vaccines,Hyderabad,Chennai,3.87,69.44,0.065,760.79,Medium,Check Cooling System,Warning
2026-08-09 09:27:55.796046,CONT_003,Dairy,Bengaluru,Pune,4.46,71.01,0.061,704.01,Medium,Check Cooling System,Warning
2026-08-09 09:27:56.802656,CONT_001,Vaccines,Hyderabad,Chennai,5.93,79.61,0.025,296.11,Medium,Check Cooling System,Warning
2026-08-09 09:27:57.809218,CONT_001,Vaccines,Hyderabad,Chennai,7.02,67.31,0.06,1155.03,Medium,Check Cooling System,Warning
2026-08-09 09:27:58.815166,CONT_003,Dairy,Bengaluru,Pune,1.33,76.8,0.067,611.69,Medium,Check Cooling System,Warning
2026-08-09 09:27:59.821797,CONT_002,Seafood,Vizag,Mumbai,1.47,72.33,0.052,1280.83,Medium,Check Cooling System,Warning
2026-08-09 09:28:00.832378,CONT_002,Seafood,Vizag,Mumbai,-1.26,79.52,0.064,510.54,Medium,Check Cooling System,Warning
2026-08-09 09:28:01.840331,CONT_001,Vaccines,Hyderabad,Chennai,4.9,80.45,0.079,1242.84,Medium,Check Cooling System,Warning
2026-08-09 09:28:02.847624,CONT_004,Fruits,Nagpur,Delhi,6.01,60.18,0.038,592.83,Medium,Check Cooling System,Warning
2026-08-09 09:28:03.853579,CONT_004,Fruits,Nagpur,Delhi,11.54,86.61,0.01,1010.55,High,Immediate Inspection,Critical
2026-08-09 09:28:04.860287,CONT_002,Seafood,Vizag,Mumbai,0.29,84.47,0.058,659.67,Medium,Check Cooling System,Warning
2026-08-09 09:28:05.866990,CONT_001,Vaccines,Hyderabad,Chennai,4.16,70.27,0.016,489.68,Low,Continue Monitoring,Normal
2026-08-09 09:28:06.875183,CONT_002,Seafood,Vizag,Mumbai,-1.36,74.76,0.087,179.82,High,Immediate Inspection,Critical
2026-08-09 09:28:07.879811,CONT_004,Fruits,Nagpur,Delhi,6.19,73.49,0.026,1207.75,Medium,Check Cooling System,Warning
2026-08-09 09:28:08.891320,CONT_004,Fruits,Nagpur,Delhi,11.92,70.73,0.04,1117.28,High,Immediate Inspection,Critical
2026-08-09 09:28:09.899877,CONT_001,Vaccines,Hyderabad,Chennai,2.23,88.4,0.082,1090.09,High,Immediate Inspection,Critical
2026-08-09 09:28:10.907455,CONT_002,Seafood,Vizag,Mumbai,0.64,62.22,0.041,347.94,Low,Continue Monitoring,Normal
2026-08-09 09:28:11.915431,CONT_002,Seafood,Vizag,Mumbai,3.74,67.5,0.014,207.45,Low,Continue Monitoring,Normal
2026-08-09 09:28:12.922357,CONT_004,Fruits,Nagpur,Delhi,6.6,89.59,0.019,438.03,Medium,Check Cooling System,Warning
2026-08-09 09:28:13.937268,CONT_002,Seafood,Vizag,Mumbai,3.81,65.0,0.033,830.09,Low,Continue Monitoring,Normal
2026-08-09 09:28:14.950059,CONT_003,Dairy,Bengaluru,Pune,3.29,73.64,0.077,526.81,Medium,Check Cooling System,Warning
2026-08-09 09:28:15.958251,CONT_001,Vaccines,Hyderabad,Chennai,5.3,66.97,0.071,846.93,Medium,Check Cooling System,Warning
2026-08-09 09:28:16.966120,CONT_004,Fruits,Nagpur,Delhi,4.72,87.39,0.062,1021.89,Medium,Check Cooling System,Warning
2026-08-09 09:28:17.970684,CONT_001,Vaccines,Hyderabad,Chennai,4.8,67.57,0.018,1348.3,Low,Continue Monitoring,Normal
2026-08-09 09:28:18.982539,CONT_002,Seafood,Vizag,Mumbai,3.43,70.52,0.093,729.85,High,Immediate Inspection,Critical
2026-08-09 09:28:19.989082,CONT_004,Fruits,Nagpur,Delhi,6.51,74.28,0.07,319.65,Medium,Check Cooling System,Warning
2026-08-09 09:28:20.996693,CONT_001,Vaccines,Hyderabad,Chennai,7.04,74.86,0.029,1287.4,Medium,Check Cooling System,Warning
2026-08-09 09:28:22.003885,CONT_004,Fruits,Nagpur,Delhi,11.52,71.41,0.074,1142.52,High,Immediate Inspection,Critical
2026-08-09 09:28:23.011539,CONT_004,Fruits,Nagpur,Delhi,6.79,87.27,0.046,652.44,Medium,Check Cooling System,Warning
2026-08-09 09:28:24.020259,CONT_002,Seafood,Vizag,Mumbai,-0.68,83.09,0.06,1157.35,Medium,Check Cooling System,Warning
2026-08-09 09:28:25.029555,CONT_002,Seafood,Vizag,Mumbai,1.07,62.68,0.088,1400.45,High,Immediate Inspection,Critical
2026-08-09 09:28:26.036593,CONT_004,Fruits,Nagpur,Delhi,4.79,60.3,0.047,1178.84,Low,Continue Monitoring,Normal
2026-08-09 09:28:27.044456,CONT_003,Dairy,Bengaluru,Pune,1.66,68.5,0.037,811.16,Low,Continue Monitoring,Normal
2026-08-09 09:28:28.051137,CONT_001,Vaccines,Hyderabad,Chennai,4.16,78.38,0.039,563.02,Low,Continue Monitoring,Normal
2026-08-09 09:28:29.057743,CONT_003,Dairy,Bengaluru,Pune,2.62,64.38,0.051,519.53,Medium,Check Cooling System,Warning
2026-08-09 09:28:30.065160,CONT_001,Vaccines,Hyderabad,Chennai,4.73,85.87,0.056,838.45,Medium,Check Cooling System,Warning
2026-08-09 09:28:31.076647,CONT_001,Vaccines,Hyderabad,Chennai,6.27,85.64,0.036,1212.83,Medium,Check Cooling System,Warning
2026-08-09 09:28:32.085003,CONT_001,Vaccines,Hyderabad,Chennai,2.9,70.05,0.034,971.12,Low,Continue Monitoring,Normal
2026-08-09 09:28:33.092384,CONT_004,Fruits,Nagpur,Delhi,8.8,80.56,0.057,660.88,High,Immediate Inspection,Critical
2026-08-09 09:28:34.105777,CONT_002,Seafood,Vizag,Mumbai,-1.64,75.56,0.093,1132.54,High,Immediate Inspection,Critical
2026-08-09 09:28:35.116439,CONT_001,Vaccines,Hyderabad,Chennai,2.12,71.21,0.075,424.27,Medium,Check Cooling System,Warning
2026-08-09 09:28:36.126087,CONT_001,Vaccines,Hyderabad,Chennai,3.43,88.95,0.068,1369.09,Medium,Check Cooling System,Warning
2026-08-09 09:28:37.127648,CONT_003,Dairy,Bengaluru,Pune,4.39,78.92,0.03,882.12,Low,Continue Monitoring,Normal
2026-08-09 09:28:38.146317,CONT_002,Seafood,Vizag,Mumbai,-1.03,77.15,0.039,1175.96,Low,Continue Monitoring,Normal
2026-08-09 09:28:39.152622,CONT_001,Vaccines,Hyderabad,Chennai,7.89,87.71,0.013,136.17,Medium,Check Cooling System,Warning
2026-08-09 09:28:40.160320,CONT_003,Dairy,Bengaluru,Pune,3.69,81.68,0.073,640.75,Medium,Check Cooling System,Warning
2026-08-09 09:28:41.167123,CONT_004,Fruits,Nagpur,Delhi,9.7,68.64,0.084,514.29,High,Immediate Inspection,Critical
2026-08-09 09:28:42.175501,CONT_003,Dairy,Bengaluru,Pune,3.3,75.91,0.032,445.46,Low,Continue Monitoring,Normal
2026-08-09 09:28:43.184424,CONT_002,Seafood,Vizag,Mumbai,-1.34,85.01,0.063,849.5,Medium,Check Cooling System,Warning
2026-08-09 09:28:44.190996,CONT_002,Seafood,Vizag,Mumbai,2.34,60.7,0.059,1347.32,Medium,Check Cooling System,Warning
2026-08-09 09:28:45.193250,CONT_004,Fruits,Nagpur,Delhi,4.82,89.35,0.042,121.13,Low,Continue Monitoring,Normal
2026-08-09 09:28:46.209858,CONT_003,Dairy,Bengaluru,Pune,4.67,70.86,0.037,562.71,Low,Continue Monitoring,Normal
2026-08-09 09:28:47.216957,CONT_004,Fruits,Nagpur,Delhi,7.1,87.76,0.047,833.52,Medium,Check Cooling System,Warning
2026-08-09 09:28:48.223983,CONT_004,Fruits,Nagpur,Delhi,5.71,63.77,0.061,1173.83,Medium,Check Cooling System,Warning
2026-08-09 09:28:49.231362,CONT_001,Vaccines,Hyderabad,Chennai,2.16,74.22,0.017,546.58,Low,Continue Monitoring,Normal
2026-08-09 09:28:50.238504,CONT_004,Fruits,Nagpur,Delhi,9.92,78.04,0.031,939.09,High,Immediate Inspection,Critical
2026-08-09 09:28:51.246355,CONT_001,Vaccines,Hyderabad,Chennai,6.89,86.44,0.083,927.56,High,Immediate Inspection,Critical
2026-08-09 09:28:52.255003,CONT_001,Vaccines,Hyderabad,Chennai,4.14,81.84,0.071,1392.49,Medium,Check Cooling System,Warning
2026-08-09 09:28:53.257221,CONT_002,Seafood,Vizag,Mumbai,2.85,88.57,0.01,461.94,Low,Continue Monitoring,Normal
2026-08-09 09:28:54.271288,CONT_002,Seafood,Vizag,Mumbai,0.27,71.81,0.057,802.53,Medium,Check Cooling System,Warning
2026-08-09 09:28:55.278682,CONT_004,Fruits,Nagpur,Delhi,9.69,73.02,0.093,485.64,High,Immediate Inspection,Critical
2026-08-09 09:28:56.286461,CONT_003,Dairy,Bengaluru,Pune,4.19,83.14,0.082,1095.12,High,Immediate Inspection,Critical
2026-08-09 09:28:57.296179,CONT_003,Dairy,Bengaluru,Pune,1.63,80.03,0.051,1299.02,Medium,Check Cooling System,Warning
2026-08-09 09:28:58.303850,CONT_001,Vaccines,Hyderabad,Chennai,4.17,66.18,0.068,116.3,Medium,Check Cooling System,Warning
2026-08-09 09:28:59.308274,CONT_004,Fruits,Nagpur,Delhi,10.7,74.85,0.06,127.53,High,Immediate Inspection,Critical
2026-08-09 09:29:00.318940,CONT_003,Dairy,Bengaluru,Pune,1.68,63.91,0.029,293.32,Low,Continue Monitoring,Normal
2026-08-09 09:29:01.325776,CONT_003,Dairy,Bengaluru,Pune,3.89,74.69,0.018,259.81,Low,Continue Monitoring,Normal
2026-08-09 09:29:02.327412,CONT_004,Fruits,Nagpur,Delhi,4.02,88.12,0.048,183.49,Low,Continue Monitoring,Normal
2026-08-09 09:29:03.338809,CONT_002,Seafood,Vizag,Mumbai,3.12,74.52,0.039,1415.25,Low,Continue Monitoring,Normal
2026-08-09 09:29:04.346637,CONT_003,Dairy,Bengaluru,Pune,2.84,88.63,0.071,1311.99,Medium,Check Cooling System,Warning
2026-08-09 09:29:05.352661,CONT_003,Dairy,Bengaluru,Pune,3.2,61.68,0.061,1173.96,Medium,Check Cooling System,Warning
2026-08-09 09:29:06.359796,CONT_001,Vaccines,Hyderabad,Chennai,4.42,84.48,0.072,769.86,Medium,Check Cooling System,Warning
2026-08-09 09:29:07.369352,CONT_004,Fruits,Nagpur,Delhi,4.74,77.95,0.055,919.74,Medium,Check Cooling System,Warning
2026-08-09 09:29:08.377544,CONT_002,Seafood,Vizag,Mumbai,2.22,63.03,0.065,459.77,Medium,Check Cooling System,Warning
2026-08-09 09:29:09.384173,CONT_004,Fruits,Nagpur,Delhi,4.87,79.45,0.079,960.25,Medium,Check Cooling System,Warning
2026-08-09 09:29:10.391045,CONT_001,Vaccines,Hyderabad,Chennai,6.57,72.47,0.023,960.53,Medium,Check Cooling System,Warning
2026-08-09 09:29:11.397304,CONT_003,Dairy,Bengaluru,Pune,1.4,68.22,0.013,1335.72,Low,Continue Monitoring,Normal
2026-08-09 09:29:12.405442,CONT_001,Vaccines,Hyderabad,Chennai,4.48,64.48,0.052,516.56,Medium,Check Cooling System,Warning
2026-08-09 09:29:13.407645,CONT_002,Seafood,Vizag,Mumbai,2.4,84.31,0.028,170.2,Low,Continue Monitoring,Normal
2026-08-09 09:29:14.419056,CONT_003,Dairy,Bengaluru,Pune,1.8,72.25,0.014,258.11,Low,Continue Monitoring,Normal
2026-08-09 09:29:15.426096,CONT_004,Fruits,Nagpur,Delhi,11.31,75.75,0.093,1073.21,High,Immediate Inspection,Critical
2026-08-09 09:29:16.427174,CONT_001,Vaccines,Hyderabad,Chennai,7.79,81.43,0.086,457.51,High,Immediate Inspection,Critical
2026-08-09 09:29:17.437889,CONT_002,Seafood,Vizag,Mumbai,0.61,78.65,0.045,1328.29,Low,Continue Monitoring,Normal
2026-08-09 09:29:18.448786,CONT_003,Dairy,Bengaluru,Pune,3.51,87.53,0.07,881.66,Medium,Check Cooling System,Warning
2026-08-09 09:29:19.455201,CONT_002,Seafood,Vizag,Mumbai,-1.86,81.89,0.02,428.86,Low,Continue Monitoring,Normal
2026-08-09 09:29:20.461097,CONT_003,Dairy,Bengaluru,Pune,3.0,75.18,0.04,132.65,Low,Continue Monitoring,Normal
2026-08-09 09:29:21.468344,CONT_001,Vaccines,Hyderabad,Chennai,6.32,68.19,0.071,1272.53,Medium,Check Cooling System,Warning
2026-08-09 09:29:22.477763,CONT_004,Fruits,Nagpur,Delhi,7.23,75.34,0.058,140.01,Medium,Check Cooling System,Warning
2026-08-09 09:29:23.485384,CONT_003,Dairy,Bengaluru,Pune,3.39,87.26,0.067,686.73,Medium,Check Cooling System,Warning
2026-08-09 09:29:24.493154,CONT_001,Vaccines,Hyderabad,Chennai,4.19,89.37,0.023,1192.16,Low,Continue Monitoring,Normal
2026-08-09 09:29:25.500230,CONT_001,Vaccines,Hyderabad,Chennai,6.21,64.23,0.063,729.38,Medium,Check Cooling System,Warning
2026-08-09 09:29:26.507613,CONT_004,Fruits,Nagpur,Delhi,6.74,60.11,0.028,499.65,Medium,Check Cooling System,Warning
2026-08-09 09:29:27.515288,CONT_003,Dairy,Bengaluru,Pune,3.65,67.17,0.037,1307.29,Low,Continue Monitoring,Normal
2026-08-09 09:29:28.523156,CONT_004,Fruits,Nagpur,Delhi,9.57,62.61,0.058,1176.52,High,Immediate Inspection,Critical
2026-08-09 09:29:29.531648,CONT_003,Dairy,Bengaluru,Pune,1.75,79.17,0.03,1300.51,Low,Continue Monitoring,Normal
2026-08-09 09:29:30.541448,CONT_001,Vaccines,Hyderabad,Chennai,4.97,89.64,0.082,769.14,High,Immediate Inspection,Critical
2026-08-09 09:29:31.547403,CONT_001,Vaccines,Hyderabad,Chennai,7.5,88.28,0.094,1012.08,High,Immediate Inspection,Critical
2026-08-09 09:29:32.556804,CONT_003,Dairy,Bengaluru,Pune,4.81,83.5,0.07,982.12,Medium,Check Cooling System,Warning
2026-08-09 09:29:33.564402,CONT_004,Fruits,Nagpur,Delhi,9.6,80.86,0.093,114.95,High,Immediate Inspection,Critical
2026-08-09 09:29:34.572255,CONT_003,Dairy,Bengaluru,Pune,4.55,66.54,0.067,909.71,Medium,Check Cooling System,Warning
2026-08-09 09:29:35.578669,CONT_003,Dairy,Bengaluru,Pune,4.8,78.44,0.02,1070.47,Low,Continue Monitoring,Normal
2026-08-09 09:29:36.585835,CONT_004,Fruits,Nagpur,Delhi,8.87,71.76,0.036,850.19,High,Immediate Inspection,Critical
2026-08-09 09:29:37.591992,CONT_001,Vaccines,Hyderabad,Chennai,7.79,87.51,0.032,1093.87,Medium,Check Cooling System,Warning
2026-08-09 09:29:38.599695,CONT_002,Seafood,Vizag,Mumbai,-1.22,72.56,0.027,580.91,Low,Continue Monitoring,Normal
2026-08-09 09:29:39.606652,CONT_003,Dairy,Bengaluru,Pune,4.93,77.1,0.09,20.28,High,Immediate Inspection,Critical
2026-08-09 09:29:40.612276,CONT_003,Dairy,Bengaluru,Pune,1.22,79.04,0.074,773.91,Medium,Check Cooling System,Warning
2026-08-09 09:29:41.618852,CONT_003,Dairy,Bengaluru,Pune,3.09,68.83,0.08,1464.62,Medium,Check Cooling System,Warning
2026-08-09 09:29:42.625796,CONT_003,Dairy,Bengaluru,Pune,3.2,70.32,0.057,871.84,Medium,Check Cooling System,Warning
2026-08-09 09:29:43.634435,CONT_003,Dairy,Bengaluru,Pune,2.4,81.12,0.044,588.19,Low,Continue Monitoring,Normal
2026-08-09 09:29:44.641312,CONT_001,Vaccines,Hyderabad,Chennai,4.87,88.63,0.07,153.97,Medium,Check Cooling System,Warning
2026-08-09 09:29:45.647162,CONT_001,Vaccines,Hyderabad,Chennai,7.76,73.62,0.095,134.46,High,Immediate Inspection,Critical
2026-08-09 09:29:46.655488,CONT_002,Seafood,Vizag,Mumbai,0.25,61.97,0.026,83.5,Low,Continue Monitoring,Normal
2026-08-09 09:29:47.661568,CONT_002,Seafood,Vizag,Mumbai,2.14,65.66,0.06,1211.5,Medium,Check Cooling System,Warning
2026-08-09 09:29:48.669583,CONT_002,Seafood,Vizag,Mumbai,1.22,66.3,0.093,273.95,High,Immediate Inspection,Critical
2026-08-09 09:29:49.676518,CONT_004,Fruits,Nagpur,Delhi,4.4,61.38,0.019,180.97,Low,Continue Monitoring,Normal
2026-08-09 09:29:50.684369,CONT_001,Vaccines,Hyderabad,Chennai,3.46,63.78,0.093,1226.04,High,Immediate Inspection,Critical
2026-08-09 09:29:51.691418,CONT_004,Fruits,Nagpur,Delhi,11.35,72.31,0.013,655.06,High,Immediate Inspection,Critical
2026-08-09 09:29:52.697539,CONT_003,Dairy,Bengaluru,Pune,4.53,71.06,0.018,750.45,Low,Continue Monitoring,Normal
2026-08-09 09:29:53.703061,CONT_002,Seafood,Vizag,Mumbai,3.87,86.7,0.075,787.01,Medium,Check Cooling System,Warning
2026-08-09 09:29:54.708587,CONT_002,Seafood,Vizag,Mumbai,4.0,78.02,0.072,528.74,Medium,Check Cooling System,Warning
2026-08-09 09:29:55.719070,CONT_002,Seafood,Vizag,Mumbai,1.89,88.06,0.013,572.45,Low,Continue Monitoring,Normal
2026-08-09 09:29:56.725081,CONT_001,Vaccines,Hyderabad,Chennai,6.24,61.62,0.021,629.5,Medium,Check Cooling System,Warning
2026-08-09 09:29:57.732205,CONT_002,Seafood,Vizag,Mumbai,-0.91,72.5,0.026,1154.94,Low,Continue Monitoring,Normal
2026-08-09 09:29:58.740083,CONT_004,Fruits,Nagpur,Delhi,11.86,70.18,0.025,823.6,High,Immediate Inspection,Critical
2026-08-09 09:29:59.745427,CONT_003,Dairy,Bengaluru,Pune,4.17,68.82,0.032,104.82,Low,Continue Monitoring,Normal
2026-08-09 09:30:00.754964,CONT_002,Seafood,Vizag,Mumbai,3.72,76.9,0.056,1025.69,Medium,Check Cooling System,Warning
2026-08-09 09:30:01.761889,CONT_001,Vaccines,Hyderabad,Chennai,7.38,60.86,0.046,437.09,Medium,Check Cooling System,Warning
2026-08-09 09:30:02.771647,CONT_001,Vaccines,Hyderabad,Chennai,3.44,68.51,0.041,494.85,Low,Continue Monitoring,Normal
2026-08-09 09:30:03.779243,CONT_002,Seafood,Vizag,Mumbai,2.34,82.24,0.067,556.9,Medium,Check Cooling System,Warning
2026-08-09 09:30:04.785706,CONT_004,Fruits,Nagpur,Delhi,10.62,87.95,0.098,637.86,High,Immediate Inspection,Critical
2026-08-09 09:30:05.791919,CONT_003,Dairy,Bengaluru,Pune,2.74,81.4,0.068,1299.61,Medium,Check Cooling System,Warning
2026-08-09 09:30:06.799685,CONT_002,Seafood,Vizag,Mumbai,2.2,63.88,0.035,1203.63,Low,Continue Monitoring,Normal
2026-08-09 09:30:07.808320,CONT_002,Seafood,Vizag,Mumbai,-1.07,60.83,0.058,772.17,Medium,Check Cooling System,Warning
2026-08-09 09:30:08.815240,CONT_003,Dairy,Bengaluru,Pune,1.87,79.93,0.016,1165.83,Low,Continue Monitoring,Normal
2026-08-09 09:30:09.822992,CONT_001,Vaccines,Hyderabad,Chennai,4.93,78.58,0.073,303.24,Medium,Check Cooling System,Warning
2026-08-09 09:30:10.830926,CONT_001,Vaccines,Hyderabad,Chennai,3.34,78.72,0.086,1083.06,High,Immediate Inspection,Critical
2026-08-09 09:30:11.839691,CONT_003,Dairy,Bengaluru,Pune,1.18,89.93,0.014,1255.36,Low,Continue Monitoring,Normal
2026-08-09 09:30:12.848032,CONT_004,Fruits,Nagpur,Delhi,6.32,85.92,0.042,941.0,Medium,Check Cooling System,Warning
2026-08-09 09:30:13.856304,CONT_001,Vaccines,Hyderabad,Chennai,6.46,73.68,0.047,1134.39,Medium,Check Cooling System,Warning
2026-08-09 09:30:14.864072,CONT_002,Seafood,Vizag,Mumbai,3.39,71.04,0.096,123.45,High,Immediate Inspection,Critical
2026-08-09 09:30:15.870690,CONT_004,Fruits,Nagpur,Delhi,4.44,85.14,0.039,52.46,Low,Continue Monitoring,Normal
2026-08-09 09:30:16.877686,CONT_001,Vaccines,Hyderabad,Chennai,7.87,60.01,0.093,25.23,High,Immediate Inspection,Critical
2026-08-09 09:30:17.885332,CONT_004,Fruits,Nagpur,Delhi,11.71,62.28,0.025,252.51,High,Immediate Inspection,Critical
2026-08-09 09:30:18.891157,CONT_001,Vaccines,Hyderabad,Chennai,7.56,60.74,0.08,924.27,Medium,Check Cooling System,Warning
2026-08-09 09:30:19.898094,CONT_001,Vaccines,Hyderabad,Chennai,5.6,74.55,0.044,1027.35,Medium,Check Cooling System,Warning
2026-08-09 09:30:20.905275,CONT_002,Seafood,Vizag,Mumbai,3.42,72.94,0.045,538.02,Low,Continue Monitoring,Normal
2026-08-09 09:30:21.911174,CONT_001,Vaccines,Hyderabad,Chennai,2.35,62.56,0.078,278.15,Medium,Check Cooling System,Warning
2026-08-09 09:30:22.917865,CONT_002,Seafood,Vizag,Mumbai,1.71,68.3,0.033,1185.16,Low,Continue Monitoring,Normal
2026-08-09 09:30:23.926306,CONT_004,Fruits,Nagpur,Delhi,7.54,62.99,0.061,712.61,Medium,Check Cooling System,Warning
2026-08-09 09:30:24.933279,CONT_001,Vaccines,Hyderabad,Chennai,7.26,78.42,0.026,1210.67,Medium,Check Cooling System,Warning
2026-08-09 09:30:25.939330,CONT_003,Dairy,Bengaluru,Pune,2.18,63.44,0.05,339.91,Low,Continue Monitoring,Normal
2026-08-09 09:30:26.946290,CONT_002,Seafood,Vizag,Mumbai,2.3,76.33,0.028,877.22,Low,Continue Monitoring,Normal
2026-08-09 09:30:27.952490,CONT_004,Fruits,Nagpur,Delhi,8.09,88.02,0.046,391.07,High,Immediate Inspection,Critical
2026-08-09 09:30:28.958930,CONT_002,Seafood,Vizag,Mumbai,3.32,73.11,0.021,138.27,Low,Continue Monitoring,Normal
2026-08-09 09:30:29.965398,CONT_003,Dairy,Bengaluru,Pune,3.21,75.87,0.053,244.31,Medium,Check Cooling System,Warning
2026-08-09 09:30:30.972439,CONT_004,Fruits,Nagpur,Delhi,4.52,86.43,0.081,684.52,High,Immediate Inspection,Critical
2026-08-09 09:30:31.980289,CONT_003,Dairy,Bengaluru,Pune,3.4,69.01,0.057,974.29,Medium,Check Cooling System,Warning
2026-08-09 09:30:32.989700,CONT_004,Fruits,Nagpur,Delhi,4.15,86.58,0.059,740.13,Medium,Check Cooling System,Warning
2026-08-09 09:30:34.010476,CONT_004,Fruits,Nagpur,Delhi,8.17,68.61,0.086,622.74,High,Immediate Inspection,Critical
2026-08-09 09:30:35.032417,CONT_002,Seafood,Vizag,Mumbai,-1.82,62.11,0.084,99.08,High,Immediate Inspection,Critical
2026-08-09 09:30:36.039013,CONT_001,Vaccines,Hyderabad,Chennai,2.49,75.45,0.039,1016.21,Low,Continue Monitoring,Normal
2026-08-09 09:30:37.046699,CONT_003,Dairy,Bengaluru,Pune,3.69,84.79,0.022,484.67,Low,Continue Monitoring,Normal
2026-08-09 09:30:38.053242,CONT_002,Seafood,Vizag,Mumbai,2.1,88.93,0.014,159.59,Low,Continue Monitoring,Normal
2026-08-09 09:30:39.063390,CONT_001,Vaccines,Hyderabad,Chennai,4.53,77.77,0.08,999.47,Medium,Check Cooling System,Warning
2026-08-09 09:30:40.072359,CONT_004,Fruits,Nagpur,Delhi,5.63,76.33,0.086,1036.05,High,Immediate Inspection,Critical
2026-08-09 09:30:41.082506,CONT_004,Fruits,Nagpur,Delhi,9.58,81.49,0.089,608.99,High,Immediate Inspection,Critical
2026-08-09 09:30:42.089345,CONT_001,Vaccines,Hyderabad,Chennai,6.7,64.7,0.047,410.81,Medium,Check Cooling System,Warning
2026-08-09 09:30:43.098390,CONT_002,Seafood,Vizag,Mumbai,-0.41,69.16,0.035,1331.79,Low,Continue Monitoring,Normal
2026-08-09 09:30:44.105867,CONT_004,Fruits,Nagpur,Delhi,4.17,75.51,0.015,1461.13,Low,Continue Monitoring,Normal
2026-08-09 09:30:45.112999,CONT_002,Seafood,Vizag,Mumbai,3.68,61.6,0.054,408.28,Medium,Check Cooling System,Warning
2026-08-09 09:30:46.116709,CONT_001,Vaccines,Hyderabad,Chennai,7.21,84.96,0.092,1444.16,High,Immediate Inspection,Critical
2026-08-09 09:30:47.128845,CONT_001,Vaccines,Hyderabad,Chennai,6.05,74.16,0.046,166.08,Medium,Check Cooling System,Warning
2026-08-09 09:30:48.138092,CONT_001,Vaccines,Hyderabad,Chennai,3.21,89.95,0.04,1165.53,Low,Continue Monitoring,Normal
2026-08-09 09:30:49.145477,CONT_001,Vaccines,Hyderabad,Chennai,7.34,76.18,0.073,213.28,Medium,Check Cooling System,Warning
2026-08-09 09:30:50.146842,CONT_001,Vaccines,Hyderabad,Chennai,2.93,67.97,0.048,361.57,Low,Continue Monitoring,Normal
2026-08-09 09:30:51.157907,CONT_004,Fruits,Nagpur,Delhi,10.15,65.38,0.063,454.87,High,Immediate Inspection,Critical
2026-08-09 09:30:52.165044,CONT_003,Dairy,Bengaluru,Pune,2.29,67.63,0.096,1454.35,High,Immediate Inspection,Critical
2026-08-09 09:30:53.171010,CONT_001,Vaccines,Hyderabad,Chennai,3.61,86.03,0.094,1130.97,High,Immediate Inspection,Critical
2026-08-09 09:30:54.179912,CONT_002,Seafood,Vizag,Mumbai,3.96,64.41,0.051,908.03,Medium,Check Cooling System,Warning
2026-08-09 09:30:55.186524,CONT_003,Dairy,Bengaluru,Pune,2.39,64.67,0.02,1411.76,Low,Continue Monitoring,Normal
2026-08-09 09:30:56.192095,CONT_001,Vaccines,Hyderabad,Chennai,6.43,67.08,0.022,259.55,Medium,Check Cooling System,Warning
2026-08-09 09:30:57.199327,CONT_004,Fruits,Nagpur,Delhi,7.95,89.86,0.037,479.86,Medium,Check Cooling System,Warning
2026-08-09 09:30:58.207167,CONT_003,Dairy,Bengaluru,Pune,1.77,68.94,0.076,1231.35,Medium,Check Cooling System,Warning
2026-08-09 09:30:59.214769,CONT_002,Seafood,Vizag,Mumbai,-0.3,68.9,0.05,1175.56,Low,Continue Monitoring,Normal
2026-08-09 09:31:00.222785,CONT_001,Vaccines,Hyderabad,Chennai,4.42,77.25,0.063,564.48,Medium,Check Cooling System,Warning
2026-08-09 09:31:01.228647,CONT_003,Dairy,Bengaluru,Pune,4.63,84.6,0.074,172.69,Medium,Check Cooling System,Warning
2026-08-09 09:31:02.235003,CONT_001,Vaccines,Hyderabad,Chennai,2.13,86.83,0.096,1313.8,High,Immediate Inspection,Critical
2026-08-09 09:31:03.241929,CONT_001,Vaccines,Hyderabad,Chennai,2.81,63.07,0.066,201.91,Medium,Check Cooling System,Warning
2026-08-09 09:31:04.248709,CONT_001,Vaccines,Hyderabad,Chennai,4.52,75.98,0.059,379.91,Medium,Check Cooling System,Warning
2026-08-09 09:31:05.282737,CONT_004,Fruits,Nagpur,Delhi,7.81,86.12,0.011,523.68,Medium,Check Cooling System,Warning
2026-08-09 09:31:06.293594,CONT_001,Vaccines,Hyderabad,Chennai,2.54,74.46,0.07,418.79,Medium,Check Cooling System,Warning
2026-08-09 09:31:07.299125,CONT_003,Dairy,Bengaluru,Pune,3.63,69.12,0.047,1110.59,Low,Continue Monitoring,Normal
2026-08-09 09:31:08.309880,CONT_002,Seafood,Vizag,Mumbai,1.89,60.2,0.038,1331.65,Low,Continue Monitoring,Normal
2026-08-09 09:31:09.316008,CONT_003,Dairy,Bengaluru,Pune,4.62,80.72,0.096,1031.26,High,Immediate Inspection,Critical
2026-08-09 09:31:10.323340,CONT_002,Seafood,Vizag,Mumbai,0.57,82.22,0.022,367.91,Low,Continue Monitoring,Normal
2026-08-09 09:31:11.329418,CONT_003,Dairy,Bengaluru,Pune,3.65,64.64,0.045,1303.2,Low,Continue Monitoring,Normal
2026-08-09 09:31:12.343662,CONT_004,Fruits,Nagpur,Delhi,6.7,61.18,0.047,829.37,Medium,Check Cooling System,Warning
2026-08-09 09:31:13.350105,CONT_002,Seafood,Vizag,Mumbai,0.05,66.91,0.021,657.55,Low,Continue Monitoring,Normal
2026-08-09 09:31:14.356173,CONT_003,Dairy,Bengaluru,Pune,3.54,80.49,0.073,207.61,Medium,Check Cooling System,Warning
2026-08-09 09:31:15.363286,CONT_001,Vaccines,Hyderabad,Chennai,7.56,87.69,0.039,1037.99,Medium,Check Cooling System,Warning
2026-08-09 09:31:16.369081,CONT_004,Fruits,Nagpur,Delhi,8.54,72.26,0.022,323.33,High,Immediate Inspection,Critical
2026-08-09 09:31:17.377077,CONT_004,Fruits,Nagpur,Delhi,7.14,67.2,0.046,674.24,Medium,Check Cooling System,Warning
2026-08-09 09:31:18.383856,CONT_003,Dairy,Bengaluru,Pune,4.5,86.92,0.025,780.17,Low,Continue Monitoring,Normal
2026-08-09 09:31:19.391016,CONT_002,Seafood,Vizag,Mumbai,-0.26,86.87,0.016,1231.19,Low,Continue Monitoring,Normal
2026-08-09 09:31:20.398352,CONT_001,Vaccines,Hyderabad,Chennai,7.81,67.13,0.024,1285.31,Medium,Check Cooling System,Warning
2026-08-09 09:31:21.405024,CONT_004,Fruits,Nagpur,Delhi,8.97,61.42,0.044,1444.68,High,Immediate Inspection,Critical
2026-08-09 09:31:22.411010,CONT_003,Dairy,Bengaluru,Pune,3.58,78.47,0.052,533.58,Medium,Check Cooling System,Warning
2026-08-09 09:31:23.417352,CONT_001,Vaccines,Hyderabad,Chennai,2.14,70.7,0.059,908.17,Medium,Check Cooling System,Warning
2026-08-09 09:31:24.424332,CONT_004,Fruits,Nagpur,Delhi,6.47,68.92,0.038,1207.6,Medium,Check Cooling System,Warning
2026-08-09 09:31:25.431657,CONT_001,Vaccines,Hyderabad,Chennai,2.48,80.36,0.028,309.45,Low,Continue Monitoring,Normal
2026-08-09 09:31:26.440194,CONT_001,Vaccines,Hyderabad,Chennai,6.47,75.36,0.015,465.95,Medium,Check Cooling System,Warning
2026-08-09 09:31:27.442043,CONT_002,Seafood,Vizag,Mumbai,1.03,61.77,0.089,245.46,High,Immediate Inspection,Critical
2026-08-09 09:31:28.453566,CONT_002,Seafood,Vizag,Mumbai,0.33,83.41,0.077,96.81,Medium,Check Cooling System,Warning
2026-08-09 09:31:29.459837,CONT_001,Vaccines,Hyderabad,Chennai,5.87,83.71,0.085,484.97,High,Immediate Inspection,Critical
2026-08-09 09:31:30.465450,CONT_003,Dairy,Bengaluru,Pune,4.12,77.24,0.081,992.94,High,Immediate Inspection,Critical
2026-08-09 09:31:31.474716,CONT_001,Vaccines,Hyderabad,Chennai,6.74,80.8,0.08,1281.6,Medium,Check Cooling System,Warning
2026-08-09 09:31:32.486019,CONT_004,Fruits,Nagpur,Delhi,9.71,70.21,0.08,40.0,High,Immediate Inspection,Critical
2026-08-09 09:31:33.494328,CONT_002,Seafood,Vizag,Mumbai,-1.63,62.97,0.032,427.89,Low,Continue Monitoring,Normal
2026-08-09 09:31:34.501070,CONT_004,Fruits,Nagpur,Delhi,10.97,82.13,0.019,1246.43,High,Immediate Inspection,Critical
2026-08-09 09:31:35.509682,CONT_001,Vaccines,Hyderabad,Chennai,3.6,70.19,0.087,400.64,High,Immediate Inspection,Critical
2026-08-09 09:31:36.517627,CONT_001,Vaccines,Hyderabad,Chennai,5.22,74.41,0.076,1434.84,Medium,Check Cooling System,Warning
2026-08-09 09:31:37.523993,CONT_001,Vaccines,Hyderabad,Chennai,2.45,89.16,0.056,806.38,Medium,Check Cooling System,Warning
2026-08-09 09:31:38.525201,CONT_004,Fruits,Nagpur,Delhi,8.97,86.17,0.09,1385.72,High,Immediate Inspection,Critical
2026-08-09 09:31:39.536707,CONT_002,Seafood,Vizag,Mumbai,3.92,88.4,0.057,151.31,Medium,Check Cooling System,Warning
2026-08-09 09:31:40.544310,CONT_002,Seafood,Vizag,Mumbai,3.02,77.51,0.043,1332.56,Low,Continue Monitoring,Normal
2026-08-09 09:31:41.550451,CONT_001,Vaccines,Hyderabad,Chennai,3.75,88.6,0.09,1180.9,High,Immediate Inspection,Critical
2026-08-09 09:31:42.557210,CONT_003,Dairy,Bengaluru,Pune,1.73,79.87,0.058,352.86,Medium,Check Cooling System,Warning
2026-08-09 09:31:43.564015,CONT_002,Seafood,Vizag,Mumbai,-1.33,80.93,0.046,150.27,Low,Continue Monitoring,Normal
2026-08-09 09:31:44.568784,CONT_002,Seafood,Vizag,Mumbai,1.72,70.9,0.027,275.33,Low,Continue Monitoring,Normal
2026-08-09 09:31:45.578732,CONT_004,Fruits,Nagpur,Delhi,11.28,78.51,0.056,521.66,High,Immediate Inspection,Critical
2026-08-09 09:31:46.583779,CONT_003,Dairy,Bengaluru,Pune,4.37,74.77,0.052,49.41,Medium,Check Cooling System,Warning
2026-08-09 09:31:47.592063,CONT_002,Seafood,Vizag,Mumbai,1.5,83.79,0.083,446.17,High,Immediate Inspection,Critical
2026-08-09 09:31:48.600592,CONT_004,Fruits,Nagpur,Delhi,4.81,89.47,0.036,826.59,Low,Continue Monitoring,Normal
2026-08-09 09:31:49.608723,CONT_001,Vaccines,Hyderabad,Chennai,6.47,74.35,0.029,1459.86,Medium,Check Cooling System,Warning
2026-08-09 09:31:50.615819,CONT_001,Vaccines,Hyderabad,Chennai,5.76,69.52,0.067,844.5,Medium,Check Cooling System,Warning
2026-08-09 09:31:51.622103,CONT_001,Vaccines,Hyderabad,Chennai,3.13,70.82,0.022,449.0,Low,Continue Monitoring,Normal
2026-08-09 09:31:52.627146,CONT_002,Seafood,Vizag,Mumbai,-1.15,80.12,0.014,782.48,Low,Continue Monitoring,Normal
2026-08-09 09:31:53.635411,CONT_002,Seafood,Vizag,Mumbai,0.79,79.91,0.064,843.26,Medium,Check Cooling System,Warning
2026-08-09 09:31:54.643127,CONT_002,Seafood,Vizag,Mumbai,0.67,65.85,0.084,24.04,High,Immediate Inspection,Critical
2026-08-09 09:31:55.649664,CONT_001,Vaccines,Hyderabad,Chennai,4.67,84.52,0.029,360.88,Low,Continue Monitoring,Normal
2026-08-09 09:31:56.656804,CONT_002,Seafood,Vizag,Mumbai,0.03,72.76,0.029,125.97,Low,Continue Monitoring,Normal
2026-08-09 09:31:57.658522,CONT_003,Dairy,Bengaluru,Pune,1.05,64.07,0.062,1491.93,Medium,Check Cooling System,Warning
2026-08-09 09:31:58.668029,CONT_003,Dairy,Bengaluru,Pune,4.59,81.88,0.071,1152.88,Medium,Check Cooling System,Warning
2026-08-09 09:31:59.676034,CONT_004,Fruits,Nagpur,Delhi,6.01,82.25,0.086,230.46,High,Immediate Inspection,Critical
2026-08-09 09:32:00.683492,CONT_001,Vaccines,Hyderabad,Chennai,5.29,75.88,0.034,1425.3,Medium,Check Cooling System,Warning
2026-08-09 09:32:01.689021,CONT_002,Seafood,Vizag,Mumbai,3.44,77.9,0.095,1202.94,High,Immediate Inspection,Critical
2026-08-09 09:32:02.695176,CONT_004,Fruits,Nagpur,Delhi,8.84,81.61,0.076,1491.78,High,Immediate Inspection,Critical
2026-08-09 09:32:03.702887,CONT_004,Fruits,Nagpur,Delhi,6.34,61.62,0.047,870.36,Medium,Check Cooling System,Warning
2026-08-09 09:32:04.708494,CONT_002,Seafood,Vizag,Mumbai,3.42,78.77,0.068,1464.76,Medium,Check Cooling System,Warning
2026-08-09 09:32:05.717217,CONT_003,Dairy,Bengaluru,Pune,4.59,63.1,0.012,939.46,Low,Continue Monitoring,Normal
2026-08-09 09:32:06.722956,CONT_001,Vaccines,Hyderabad,Chennai,3.61,75.54,0.095,53.59,High,Immediate Inspection,Critical
2026-08-09 09:32:07.729542,CONT_003,Dairy,Bengaluru,Pune,1.26,73.32,0.04,793.53,Low,Continue Monitoring,Normal
2026-08-09 09:32:08.735966,CONT_004,Fruits,Nagpur,Delhi,4.18,76.58,0.032,1047.28,Low,Continue Monitoring,Normal
2026-08-09 09:32:09.742701,CONT_001,Vaccines,Hyderabad,Chennai,5.57,74.05,0.048,798.12,Medium,Check Cooling System,Warning
2026-08-09 09:32:10.749100,CONT_003,Dairy,Bengaluru,Pune,2.24,78.17,0.018,1465.98,Low,Continue Monitoring,Normal
2026-08-09 09:32:11.756504,CONT_002,Seafood,Vizag,Mumbai,3.43,60.69,0.059,303.42,Medium,Check Cooling System,Warning
2026-08-09 09:32:12.762004,CONT_001,Vaccines,Hyderabad,Chennai,3.62,86.26,0.076,987.67,Medium,Check Cooling System,Warning
2026-08-09 09:32:13.770352,CONT_003,Dairy,Bengaluru,Pune,4.73,72.62,0.04,379.48,Low,Continue Monitoring,Normal
2026-08-09 09:32:14.776138,CONT_002,Seafood,Vizag,Mumbai,1.0,80.74,0.043,972.1,Low,Continue Monitoring,Normal
2026-08-09 09:32:15.783124,CONT_004,Fruits,Nagpur,Delhi,10.68,74.64,0.065,908.23,High,Immediate Inspection,Critical
2026-08-09 09:32:16.784521,CONT_001,Vaccines,Hyderabad,Chennai,2.41,64.39,0.076,308.13,Medium,Check Cooling System,Warning
2026-08-09 09:32:17.796298,CONT_003,Dairy,Bengaluru,Pune,3.56,66.86,0.079,80.77,Medium,Check Cooling System,Warning
2026-08-09 09:32:18.802644,CONT_001,Vaccines,Hyderabad,Chennai,6.19,86.13,0.013,318.99,Medium,Check Cooling System,Warning
2026-08-09 09:32:19.809096,CONT_002,Seafood,Vizag,Mumbai,1.15,64.22,0.057,175.34,Medium,Check Cooling System,Warning
2026-08-09 09:32:20.817486,CONT_003,Dairy,Bengaluru,Pune,1.31,64.44,0.09,1155.13,High,Immediate Inspection,Critical
2026-08-09 09:32:21.823154,CONT_003,Dairy,Bengaluru,Pune,2.46,89.53,0.076,1361.77,Medium,Check Cooling System,Warning
2026-08-09 09:32:22.829987,CONT_004,Fruits,Nagpur,Delhi,10.57,86.82,0.097,923.98,High,Immediate Inspection,Critical
2026-08-09 09:32:23.837886,CONT_001,Vaccines,Hyderabad,Chennai,6.27,76.29,0.094,541.4,High,Immediate Inspection,Critical
2026-08-09 09:32:24.842825,CONT_002,Seafood,Vizag,Mumbai,2.55,85.84,0.072,315.25,Medium,Check Cooling System,Warning
2026-08-09 09:32:25.850697,CONT_002,Seafood,Vizag,Mumbai,2.27,84.15,0.023,1428.59,Low,Continue Monitoring,Normal
2026-08-09 09:32:26.858413,CONT_002,Seafood,Vizag,Mumbai,-1.13,64.36,0.033,57.05,Low,Continue Monitoring,Normal
2026-08-09 09:32:27.865034,CONT_003,Dairy,Bengaluru,Pune,3.91,74.63,0.026,1336.07,Low,Continue Monitoring,Normal
2026-08-09 09:32:28.871204,CONT_004,Fruits,Nagpur,Delhi,7.86,68.79,0.032,757.04,Medium,Check Cooling System,Warning
2026-08-09 09:32:29.877337,CONT_004,Fruits,Nagpur,Delhi,7.03,61.08,0.025,1250.8,Medium,Check Cooling System,Warning
2026-08-09 09:32:30.884719,CONT_004,Fruits,Nagpur,Delhi,7.98,89.7,0.077,1392.07,Medium,Check Cooling System,Warning
2026-08-09 09:32:31.886476,CONT_002,Seafood,Vizag,Mumbai,2.61,69.46,0.027,801.23,Low,Continue Monitoring,Normal
2026-08-09 09:32:32.896825,CONT_001,Vaccines,Hyderabad,Chennai,7.64,69.53,0.091,713.93,High,Immediate Inspection,Critical
2026-08-09 09:32:33.904300,CONT_001,Vaccines,Hyderabad,Chennai,5.24,72.19,0.019,804.5,Medium,Check Cooling System,Warning
2026-08-09 09:32:34.910689,CONT_003,Dairy,Bengaluru,Pune,1.44,62.33,0.039,610.1,Low,Continue Monitoring,Normal
2026-08-09 09:32:35.916996,CONT_003,Dairy,Bengaluru,Pune,2.47,89.79,0.051,424.27,Medium,Check Cooling System,Warning
2026-08-09 09:32:36.923925,CONT_001,Vaccines,Hyderabad,Chennai,5.44,63.95,0.037,703.72,Medium,Check Cooling System,Warning
2026-08-09 09:32:37.929771,CONT_001,Vaccines,Hyderabad,Chennai,2.27,69.73,0.098,347.62,High,Immediate Inspection,Critical
2026-08-09 09:32:38.936583,CONT_004,Fruits,Nagpur,Delhi,8.64,73.0,0.052,434.7,High,Immediate Inspection,Critical
2026-08-09 09:32:39.945442,CONT_001,Vaccines,Hyderabad,Chennai,4.32,87.63,0.01,1240.16,Low,Continue Monitoring,Normal
2026-08-09 09:32:40.951333,CONT_001,Vaccines,Hyderabad,Chennai,7.94,83.4,0.039,1191.14,Medium,Check Cooling System,Warning
2026-08-09 09:32:41.957257,CONT_002,Seafood,Vizag,Mumbai,-1.59,70.35,0.043,1336.22,Low,Continue Monitoring,Normal
2026-08-09 09:32:42.964710,CONT_001,Vaccines,Hyderabad,Chennai,4.13,82.84,0.076,1148.87,Medium,Check Cooling System,Warning
2026-08-09 09:32:43.971639,CONT_003,Dairy,Bengaluru,Pune,4.32,65.23,0.05,855.11,Low,Continue Monitoring,Normal
2026-08-09 09:32:44.972819,CONT_004,Fruits,Nagpur,Delhi,11.19,84.99,0.099,1325.99,High,Immediate Inspection,Critical
2026-08-09 09:32:45.978931,CONT_001,Vaccines,Hyderabad,Chennai,2.66,76.68,0.052,1272.46,Medium,Check Cooling System,Warning
2026-08-09 09:32:46.990277,CONT_003,Dairy,Bengaluru,Pune,2.89,87.12,0.011,933.62,Low,Continue Monitoring,Normal
2026-08-09 09:32:47.996421,CONT_001,Vaccines,Hyderabad,Chennai,2.26,69.48,0.015,1193.89,Low,Continue Monitoring,Normal
2026-08-09 09:32:49.007386,CONT_004,Fruits,Nagpur,Delhi,4.37,64.6,0.089,234.94,High,Immediate Inspection,Critical
2026-08-09 09:32:50.016369,CONT_001,Vaccines,Hyderabad,Chennai,6.54,83.46,0.032,898.33,Medium,Check Cooling System,Warning
2026-08-09 09:32:51.023290,CONT_001,Vaccines,Hyderabad,Chennai,6.24,84.99,0.082,1421.37,High,Immediate Inspection,Critical
2026-08-09 09:32:52.029570,CONT_004,Fruits,Nagpur,Delhi,8.75,75.86,0.059,1219.58,High,Immediate Inspection,Critical
2026-08-09 09:32:53.038494,CONT_002,Seafood,Vizag,Mumbai,0.3,78.03,0.059,1300.68,Medium,Check Cooling System,Warning
2026-08-09 09:32:54.047207,CONT_004,Fruits,Nagpur,Delhi,8.35,66.28,0.064,151.98,High,Immediate Inspection,Critical
2026-08-09 09:32:55.053402,CONT_002,Seafood,Vizag,Mumbai,1.15,83.2,0.077,954.99,Medium,Check Cooling System,Warning
2026-08-09 09:32:56.061473,CONT_003,Dairy,Bengaluru,Pune,1.43,84.16,0.016,965.28,Low,Continue Monitoring,Normal
2026-08-09 09:32:57.065630,CONT_003,Dairy,Bengaluru,Pune,3.34,83.02,0.012,1435.13,Low,Continue Monitoring,Normal
2026-08-09 09:32:58.072824,CONT_003,Dairy,Bengaluru,Pune,4.8,70.71,0.075,1166.32,Medium,Check Cooling System,Warning
2026-08-09 09:32:59.078800,CONT_003,Dairy,Bengaluru,Pune,3.86,65.47,0.036,854.52,Low,Continue Monitoring,Normal
2026-08-09 09:33:00.084878,CONT_004,Fruits,Nagpur,Delhi,6.39,78.51,0.047,282.48,Medium,Check Cooling System,Warning
2026-08-09 09:33:01.090775,CONT_003,Dairy,Bengaluru,Pune,3.67,68.72,0.011,1469.01,Low,Continue Monitoring,Normal
2026-08-09 09:33:02.098773,CONT_003,Dairy,Bengaluru,Pune,2.98,74.19,0.062,478.29,Medium,Check Cooling System,Warning
2026-08-09 09:33:03.105872,CONT_004,Fruits,Nagpur,Delhi,8.38,62.27,0.029,109.44,High,Immediate Inspection,Critical
2026-08-09 09:33:04.112348,CONT_004,Fruits,Nagpur,Delhi,7.19,62.32,0.029,699.4,Medium,Check Cooling System,Warning
2026-08-09 09:33:05.119386,CONT_003,Dairy,Bengaluru,Pune,2.8,85.97,0.091,1472.43,High,Immediate Inspection,Critical
2026-08-09 09:33:06.126293,CONT_001,Vaccines,Hyderabad,Chennai,5.86,70.37,0.048,1391.57,Medium,Check Cooling System,Warning
2026-08-09 09:33:07.140326,CONT_001,Vaccines,Hyderabad,Chennai,5.61,68.37,0.015,1363.26,Medium,Check Cooling System,Warning
2026-08-09 09:33:08.149377,CONT_003,Dairy,Bengaluru,Pune,3.15,72.29,0.097,764.06,High,Immediate Inspection,Critical
2026-08-09 09:33:09.156528,CONT_001,Vaccines,Hyderabad,Chennai,2.69,86.81,0.053,294.04,Medium,Check Cooling System,Warning
2026-08-09 09:33:10.165034,CONT_004,Fruits,Nagpur,Delhi,4.12,86.13,0.015,1365.45,Low,Continue Monitoring,Normal
2026-08-09 09:33:11.172498,CONT_003,Dairy,Bengaluru,Pune,2.61,89.94,0.052,201.29,Medium,Check Cooling System,Warning
2026-08-09 09:33:12.179470,CONT_001,Vaccines,Hyderabad,Chennai,3.81,70.84,0.046,914.97,Low,Continue Monitoring,Normal
2026-08-09 09:33:13.187536,CONT_004,Fruits,Nagpur,Delhi,7.8,72.58,0.024,1472.8,Medium,Check Cooling System,Warning
2026-08-09 09:33:14.193548,CONT_003,Dairy,Bengaluru,Pune,4.73,61.97,0.098,330.31,High,Immediate Inspection,Critical
2026-08-09 09:33:15.206502,CONT_003,Dairy,Bengaluru,Pune,1.46,73.82,0.031,1291.77,Low,Continue Monitoring,Normal
2026-08-09 09:33:16.231663,CONT_004,Fruits,Nagpur,Delhi,11.4,60.98,0.093,331.73,High,Immediate Inspection,Critical
2026-08-09 09:33:17.239066,CONT_003,Dairy,Bengaluru,Pune,3.59,67.59,0.062,214.37,Medium,Check Cooling System,Warning
2026-08-09 09:33:18.248362,CONT_002,Seafood,Vizag,Mumbai,2.18,62.51,0.016,407.04,Low,Continue Monitoring,Normal
2026-08-09 09:33:19.255212,CONT_003,Dairy,Bengaluru,Pune,1.25,68.39,0.079,314.91,Medium,Check Cooling System,Warning
2026-08-09 09:33:20.265011,CONT_002,Seafood,Vizag,Mumbai,2.82,81.03,0.048,1077.54,Low,Continue Monitoring,Normal
2026-08-09 09:33:21.271317,CONT_003,Dairy,Bengaluru,Pune,4.11,89.71,0.081,122.86,High,Immediate Inspection,Critical
2026-08-09 09:33:22.284988,CONT_002,Seafood,Vizag,Mumbai,0.02,73.5,0.077,869.34,Medium,Check Cooling System,Warning
2026-08-09 09:33:23.293196,CONT_001,Vaccines,Hyderabad,Chennai,4.71,84.47,0.021,323.97,Low,Continue Monitoring,Normal
2026-08-09 09:33:24.298352,CONT_001,Vaccines,Hyderabad,Chennai,3.21,76.89,0.013,306.28,Low,Continue Monitoring,Normal
2026-08-09 09:33:25.311557,CONT_004,Fruits,Nagpur,Delhi,7.51,73.66,0.077,911.38,Medium,Check Cooling System,Warning
2026-08-09 09:33:26.318452,CONT_002,Seafood,Vizag,Mumbai,1.91,75.94,0.037,504.43,Low,Continue Monitoring,Normal
2026-08-09 09:33:27.327005,CONT_004,Fruits,Nagpur,Delhi,9.69,84.71,0.068,1461.09,High,Immediate Inspection,Critical
2026-08-09 09:33:28.333190,CONT_003,Dairy,Bengaluru,Pune,2.76,62.58,0.046,637.54,Low,Continue Monitoring,Normal
2026-08-09 09:33:29.339855,CONT_004,Fruits,Nagpur,Delhi,11.38,75.4,0.024,1304.65,High,Immediate Inspection,Critical
2026-08-09 09:33:30.349597,CONT_003,Dairy,Bengaluru,Pune,3.82,69.16,0.041,1419.43,Low,Continue Monitoring,Normal
2026-08-09 09:33:31.356447,CONT_004,Fruits,Nagpur,Delhi,8.18,86.02,0.013,1057.71,High,Immediate Inspection,Critical
2026-08-09 09:33:32.364297,CONT_003,Dairy,Bengaluru,Pune,2.23,77.03,0.025,468.29,Low,Continue Monitoring,Normal
2026-08-09 09:33:33.376962,CONT_003,Dairy,Bengaluru,Pune,2.87,75.48,0.099,855.73,High,Immediate Inspection,Critical
2026-08-09 09:33:34.384550,CONT_001,Vaccines,Hyderabad,Chennai,6.9,66.24,0.06,1281.98,Medium,Check Cooling System,Warning
2026-08-09 09:33:35.391337,CONT_003,Dairy,Bengaluru,Pune,1.03,82.93,0.052,1378.73,Medium,Check Cooling System,Warning
2026-08-09 09:33:36.400571,CONT_001,Vaccines,Hyderabad,Chennai,7.37,81.88,0.074,262.01,Medium,Check Cooling System,Warning
2026-08-09 09:33:37.408133,CONT_003,Dairy,Bengaluru,Pune,2.48,86.0,0.058,217.05,Medium,Check Cooling System,Warning
2026-08-09 09:33:38.415501,CONT_004,Fruits,Nagpur,Delhi,5.92,87.53,0.098,458.92,High,Immediate Inspection,Critical
2026-08-09 09:33:39.425501,CONT_002,Seafood,Vizag,Mumbai,2.44,73.05,0.021,605.73,Low,Continue Monitoring,Normal
2026-08-09 09:33:40.432152,CONT_004,Fruits,Nagpur,Delhi,11.59,76.08,0.014,463.8,High,Immediate Inspection,Critical
2026-08-09 09:33:41.438722,CONT_003,Dairy,Bengaluru,Pune,1.78,81.55,0.055,889.4,Medium,Check Cooling System,Warning
2026-08-09 09:33:42.444905,CONT_004,Fruits,Nagpur,Delhi,9.54,79.47,0.09,1291.0,High,Immediate Inspection,Critical
2026-08-09 09:33:43.450960,CONT_003,Dairy,Bengaluru,Pune,4.54,77.85,0.083,890.35,High,Immediate Inspection,Critical
2026-08-09 09:33:44.457150,CONT_002,Seafood,Vizag,Mumbai,3.81,74.67,0.058,1297.3,Medium,Check Cooling System,Warning
2026-08-09 09:33:45.465610,CONT_001,Vaccines,Hyderabad,Chennai,7.34,84.51,0.036,1279.74,Medium,Check Cooling System,Warning
2026-08-09 09:33:46.473413,CONT_001,Vaccines,Hyderabad,Chennai,4.44,79.79,0.092,1120.09,High,Immediate Inspection,Critical
2026-08-09 09:33:47.491369,CONT_001,Vaccines,Hyderabad,Chennai,4.86,69.96,0.1,516.21,High,Immediate Inspection,Critical
2026-08-09 09:33:48.493195,CONT_003,Dairy,Bengaluru,Pune,4.75,60.49,0.06,910.85,Medium,Check Cooling System,Warning
2026-08-09 09:33:49.514563,CONT_001,Vaccines,Hyderabad,Chennai,4.06,65.99,0.016,1089.27,Low,Continue Monitoring,Normal
2026-08-09 09:33:50.521565,CONT_004,Fruits,Nagpur,Delhi,6.35,76.73,0.07,1242.09,Medium,Check Cooling System,Warning
2026-08-09 09:33:51.529320,CONT_004,Fruits,Nagpur,Delhi,7.48,62.06,0.068,660.46,Medium,Check Cooling System,Warning
2026-08-09 09:33:52.536348,CONT_003,Dairy,Bengaluru,Pune,4.07,74.05,0.087,82.73,High,Immediate Inspection,Critical
2026-08-09 09:33:53.544121,CONT_003,Dairy,Bengaluru,Pune,1.62,87.84,0.032,1415.98,Low,Continue Monitoring,Normal
2026-08-09 09:33:54.550907,CONT_003,Dairy,Bengaluru,Pune,2.53,75.52,0.068,1385.46,Medium,Check Cooling System,Warning
2026-08-09 09:33:55.558483,CONT_002,Seafood,Vizag,Mumbai,1.46,86.48,0.037,1384.19,Low,Continue Monitoring,Normal
2026-08-09 09:33:56.565474,CONT_004,Fruits,Nagpur,Delhi,8.67,69.72,0.076,1166.57,High,Immediate Inspection,Critical
2026-08-09 09:33:57.572033,CONT_002,Seafood,Vizag,Mumbai,1.7,89.41,0.087,814.58,High,Immediate Inspection,Critical
2026-08-09 09:33:58.587151,CONT_001,Vaccines,Hyderabad,Chennai,4.36,84.49,0.055,428.7,Medium,Check Cooling System,Warning
2026-08-09 09:33:59.605872,CONT_001,Vaccines,Hyderabad,Chennai,2.2,70.65,0.011,137.39,Low,Continue Monitoring,Normal
2026-08-09 09:34:00.611209,CONT_004,Fruits,Nagpur,Delhi,8.16,78.37,0.029,561.96,High,Immediate Inspection,Critical
2026-08-09 09:34:01.618937,CONT_004,Fruits,Nagpur,Delhi,9.43,71.5,0.057,1410.31,High,Immediate Inspection,Critical
2026-08-09 09:34:02.629091,CONT_002,Seafood,Vizag,Mumbai,-0.69,66.05,0.04,70.04,Low,Continue Monitoring,Normal
2026-08-09 09:34:03.635009,CONT_004,Fruits,Nagpur,Delhi,9.58,87.24,0.097,1424.4,High,Immediate Inspection,Critical
2026-08-09 09:34:04.638411,CONT_004,Fruits,Nagpur,Delhi,10.1,88.98,0.012,1434.61,High,Immediate Inspection,Critical
2026-08-09 09:34:05.651520,CONT_003,Dairy,Bengaluru,Pune,3.91,80.14,0.058,331.73,Medium,Check Cooling System,Warning
2026-08-09 09:34:06.659385,CONT_002,Seafood,Vizag,Mumbai,0.32,71.96,0.063,820.33,Medium,Check Cooling System,Warning
2026-08-09 09:34:07.667097,CONT_002,Seafood,Vizag,Mumbai,3.56,65.08,0.011,865.41,Low,Continue Monitoring,Normal
2026-08-09 09:34:08.670321,CONT_003,Dairy,Bengaluru,Pune,4.23,68.78,0.066,786.59,Medium,Check Cooling System,Warning
2026-08-09 09:34:09.682701,CONT_002,Seafood,Vizag,Mumbai,2.99,69.08,0.022,1214.13,Low,Continue Monitoring,Normal
2026-08-09 09:34:10.691559,CONT_002,Seafood,Vizag,Mumbai,0.27,78.11,0.01,1462.6,Low,Continue Monitoring,Normal
2026-08-09 09:34:11.695945,CONT_004,Fruits,Nagpur,Delhi,7.02,60.71,0.054,500.66,Medium,Check Cooling System,Warning
2026-08-09 09:34:12.703192,CONT_002,Seafood,Vizag,Mumbai,-0.76,65.65,0.058,802.6,Medium,Check Cooling System,Warning
2026-08-09 09:34:13.713533,CONT_003,Dairy,Bengaluru,Pune,2.89,83.71,0.1,1028.97,High,Immediate Inspection,Critical
2026-08-09 09:34:14.721436,CONT_004,Fruits,Nagpur,Delhi,8.63,62.73,0.023,341.81,High,Immediate Inspection,Critical
2026-08-09 09:34:15.731565,CONT_001,Vaccines,Hyderabad,Chennai,5.3,69.39,0.012,37.06,Medium,Check Cooling System,Warning
2026-08-09 09:34:16.738058,CONT_002,Seafood,Vizag,Mumbai,2.19,81.92,0.086,1251.06,High,Immediate Inspection,Critical
2026-08-09 09:34:17.745296,CONT_001,Vaccines,Hyderabad,Chennai,4.96,87.44,0.02,326.87,Low,Continue Monitoring,Normal
2026-08-09 09:34:18.751021,CONT_003,Dairy,Bengaluru,Pune,3.76,85.05,0.083,834.83,High,Immediate Inspection,Critical
2026-08-09 09:34:19.761755,CONT_004,Fruits,Nagpur,Delhi,5.12,83.83,0.098,535.95,High,Immediate Inspection,Critical
2026-08-09 09:34:20.767582,CONT_003,Dairy,Bengaluru,Pune,1.91,89.38,0.021,1014.98,Low,Continue Monitoring,Normal
2026-08-09 09:34:21.776719,CONT_002,Seafood,Vizag,Mumbai,0.82,87.3,0.028,1467.59,Low,Continue Monitoring,Normal
2026-08-09 09:34:22.783801,CONT_001,Vaccines,Hyderabad,Chennai,6.09,82.02,0.063,438.41,Medium,Check Cooling System,Warning
2026-08-09 09:34:23.786240,CONT_003,Dairy,Bengaluru,Pune,3.42,65.58,0.089,1339.54,High,Immediate Inspection,Critical
2026-08-09 09:34:24.795934,CONT_002,Seafood,Vizag,Mumbai,-0.76,84.14,0.043,1200.1,Low,Continue Monitoring,Normal
2026-08-09 09:34:25.806602,CONT_002,Seafood,Vizag,Mumbai,-0.17,87.57,0.095,168.2,High,Immediate Inspection,Critical
2026-08-09 09:34:26.813193,CONT_003,Dairy,Bengaluru,Pune,2.31,89.55,0.099,687.46,High,Immediate Inspection,Critical
2026-08-09 09:34:27.819110,CONT_004,Fruits,Nagpur,Delhi,7.33,76.83,0.029,203.74,Medium,Check Cooling System,Warning
2026-08-09 09:34:28.828237,CONT_003,Dairy,Bengaluru,Pune,3.99,76.19,0.021,590.34,Low,Continue Monitoring,Normal
2026-08-09 09:34:29.836423,CONT_004,Fruits,Nagpur,Delhi,10.05,74.86,0.025,1128.84,High,Immediate Inspection,Critical
2026-08-09 09:34:30.846979,CONT_001,Vaccines,Hyderabad,Chennai,6.1,67.25,0.092,1067.08,High,Immediate Inspection,Critical
2026-08-09 09:34:31.858639,CONT_003,Dairy,Bengaluru,Pune,3.59,81.81,0.02,1184.04,Low,Continue Monitoring,Normal
2026-08-09 09:34:32.865907,CONT_003,Dairy,Bengaluru,Pune,3.0,61.98,0.063,665.95,Medium,Check Cooling System,Warning
2026-08-09 09:34:33.872644,CONT_003,Dairy,Bengaluru,Pune,1.22,80.65,0.057,144.78,Medium,Check Cooling System,Warning
2026-08-09 09:34:34.879335,CONT_002,Seafood,Vizag,Mumbai,-0.21,84.81,0.027,1238.5,Low,Continue Monitoring,Normal
2026-08-09 09:34:35.886180,CONT_001,Vaccines,Hyderabad,Chennai,3.14,75.31,0.083,1136.91,High,Immediate Inspection,Critical
2026-08-09 09:34:36.892912,CONT_001,Vaccines,Hyderabad,Chennai,4.35,62.92,0.016,599.66,Low,Continue Monitoring,Normal
2026-08-09 09:34:37.901461,CONT_003,Dairy,Bengaluru,Pune,4.57,81.55,0.069,264.46,Medium,Check Cooling System,Warning
2026-08-09 09:34:38.908634,CONT_001,Vaccines,Hyderabad,Chennai,7.61,64.16,0.076,1356.29,Medium,Check Cooling System,Warning
2026-08-09 09:34:39.915907,CONT_001,Vaccines,Hyderabad,Chennai,5.61,63.54,0.062,1398.52,Medium,Check Cooling System,Warning
2026-08-09 09:34:40.923004,CONT_001,Vaccines,Hyderabad,Chennai,6.13,87.71,0.011,1312.34,Medium,Check Cooling System,Warning
2026-08-09 09:34:41.932133,CONT_003,Dairy,Bengaluru,Pune,1.2,89.26,0.016,1457.95,Low,Continue Monitoring,Normal
2026-08-09 09:34:42.938776,CONT_002,Seafood,Vizag,Mumbai,-0.18,71.45,0.092,1304.56,High,Immediate Inspection,Critical
2026-08-09 09:34:43.946222,CONT_004,Fruits,Nagpur,Delhi,6.37,89.8,0.05,141.87,Medium,Check Cooling System,Warning
2026-08-09 09:34:44.954005,CONT_002,Seafood,Vizag,Mumbai,2.05,78.6,0.048,302.02,Low,Continue Monitoring,Normal
2026-08-09 09:34:45.962136,CONT_001,Vaccines,Hyderabad,Chennai,6.26,84.99,0.082,1497.86,High,Immediate Inspection,Critical
2026-08-09 09:34:46.975849,CONT_003,Dairy,Bengaluru,Pune,2.1,73.37,0.039,459.18,Low,Continue Monitoring,Normal
2026-08-09 09:34:47.993178,CONT_002,Seafood,Vizag,Mumbai,3.92,81.36,0.03,368.8,Low,Continue Monitoring,Normal
2026-08-09 09:34:49.000944,CONT_003,Dairy,Bengaluru,Pune,3.41,69.11,0.034,202.96,Low,Continue Monitoring,Normal
2026-08-09 09:34:50.010967,CONT_004,Fruits,Nagpur,Delhi,9.28,81.33,0.039,192.66,High,Immediate Inspection,Critical
2026-08-09 09:34:51.019697,CONT_001,Vaccines,Hyderabad,Chennai,7.75,81.38,0.063,493.27,Medium,Check Cooling System,Warning
2026-08-09 09:34:52.027900,CONT_002,Seafood,Vizag,Mumbai,3.96,87.5,0.022,182.6,Low,Continue Monitoring,Normal
2026-08-09 09:34:53.037020,CONT_002,Seafood,Vizag,Mumbai,1.98,60.75,0.034,443.19,Low,Continue Monitoring,Normal
2026-08-09 09:34:54.043817,CONT_001,Vaccines,Hyderabad,Chennai,5.3,80.69,0.027,124.43,Medium,Check Cooling System,Warning
2026-08-09 09:34:55.053090,CONT_001,Vaccines,Hyderabad,Chennai,2.68,85.6,0.096,347.69,High,Immediate Inspection,Critical
2026-08-09 09:34:56.059762,CONT_002,Seafood,Vizag,Mumbai,1.47,64.04,0.036,655.82,Low,Continue Monitoring,Normal
2026-08-09 09:34:57.067340,CONT_002,Seafood,Vizag,Mumbai,-1.09,88.32,0.067,440.47,Medium,Check Cooling System,Warning
2026-08-09 09:34:58.073697,CONT_002,Seafood,Vizag,Mumbai,1.23,64.38,0.076,1368.55,Medium,Check Cooling System,Warning
2026-08-09 09:34:59.089463,CONT_003,Dairy,Bengaluru,Pune,2.87,70.0,0.092,1214.46,High,Immediate Inspection,Critical
2026-08-09 09:35:00.096103,CONT_004,Fruits,Nagpur,Delhi,10.08,69.12,0.061,501.33,High,Immediate Inspection,Critical
2026-08-09 09:35:01.103299,CONT_003,Dairy,Bengaluru,Pune,2.52,66.26,0.081,809.35,High,Immediate Inspection,Critical
2026-08-09 09:35:02.105060,CONT_004,Fruits,Nagpur,Delhi,4.82,69.33,0.098,1007.45,High,Immediate Inspection,Critical
2026-08-09 09:35:03.118091,CONT_003,Dairy,Bengaluru,Pune,4.4,72.96,0.099,851.57,High,Immediate Inspection,Critical
2026-08-09 09:35:04.125419,CONT_004,Fruits,Nagpur,Delhi,10.72,88.83,0.055,318.93,High,Immediate Inspection,Critical
2026-08-09 09:35:05.132135,CONT_003,Dairy,Bengaluru,Pune,1.61,86.36,0.016,78.18,Low,Continue Monitoring,Normal
2026-08-09 09:35:06.139187,CONT_004,Fruits,Nagpur,Delhi,11.94,72.81,0.021,36.05,High,Immediate Inspection,Critical
2026-08-09 09:35:07.146291,CONT_001,Vaccines,Hyderabad,Chennai,6.88,83.08,0.087,1239.18,High,Immediate Inspection,Critical
2026-08-09 09:35:08.154649,CONT_002,Seafood,Vizag,Mumbai,2.96,68.14,0.091,880.52,High,Immediate Inspection,Critical
2026-08-09 09:35:09.163417,CONT_001,Vaccines,Hyderabad,Chennai,3.94,61.85,0.084,222.26,High,Immediate Inspection,Critical
2026-08-09 09:35:10.170058,CONT_001,Vaccines,Hyderabad,Chennai,6.06,88.7,0.031,1193.37,Medium,Check Cooling System,Warning
2026-08-09 09:35:11.180589,CONT_001,Vaccines,Hyderabad,Chennai,5.53,80.46,0.022,632.32,Medium,Check Cooling System,Warning
2026-08-09 09:35:12.187062,CONT_003,Dairy,Bengaluru,Pune,4.92,76.25,0.035,1027.79,Low,Continue Monitoring,Normal
2026-08-09 09:35:13.196291,CONT_002,Seafood,Vizag,Mumbai,3.07,64.78,0.082,994.25,High,Immediate Inspection,Critical
2026-08-09 09:35:14.205954,CONT_001,Vaccines,Hyderabad,Chennai,6.26,90.0,0.081,1208.71,High,Immediate Inspection,Critical
2026-08-09 09:35:15.212231,CONT_003,Dairy,Bengaluru,Pune,3.67,66.9,0.062,1288.03,Medium,Check Cooling System,Warning
2026-08-09 09:35:16.216502,CONT_002,Seafood,Vizag,Mumbai,-0.67,63.51,0.025,1463.17,Low,Continue Monitoring,Normal
2026-08-09 09:35:17.225306,CONT_002,Seafood,Vizag,Mumbai,-1.05,86.07,0.042,238.73,Low,Continue Monitoring,Normal
2026-08-09 09:35:18.233688,CONT_004,Fruits,Nagpur,Delhi,7.79,85.33,0.065,1367.0,Medium,Check Cooling System,Warning
2026-08-09 09:35:19.240797,CONT_003,Dairy,Bengaluru,Pune,1.33,88.79,0.074,477.73,Medium,Check Cooling System,Warning
2026-08-09 09:35:20.244470,CONT_002,Seafood,Vizag,Mumbai,2.74,66.45,0.09,456.36,High,Immediate Inspection,Critical
2026-08-09 09:35:21.254464,CONT_001,Vaccines,Hyderabad,Chennai,5.53,80.6,0.03,107.35,Medium,Check Cooling System,Warning
2026-08-09 09:35:22.265024,CONT_003,Dairy,Bengaluru,Pune,4.24,62.8,0.091,1252.67,High,Immediate Inspection,Critical
2026-08-09 09:35:23.271752,CONT_002,Seafood,Vizag,Mumbai,2.08,77.77,0.075,1185.81,Medium,Check Cooling System,Warning
2026-08-09 09:35:24.279201,CONT_001,Vaccines,Hyderabad,Chennai,6.54,79.22,0.024,809.19,Medium,Check Cooling System,Warning
2026-08-09 09:35:25.285550,CONT_004,Fruits,Nagpur,Delhi,4.22,65.61,0.079,1002.83,Medium,Check Cooling System,Warning
2026-08-09 09:35:26.292351,CONT_004,Fruits,Nagpur,Delhi,5.5,85.14,0.071,1145.47,Medium,Check Cooling System,Warning
2026-08-09 09:35:27.302361,CONT_004,Fruits,Nagpur,Delhi,5.19,87.39,0.049,491.39,Medium,Check Cooling System,Warning
2026-08-09 09:35:28.312711,CONT_002,Seafood,Vizag,Mumbai,-1.63,88.74,0.065,812.5,Medium,Check Cooling System,Warning
2026-08-09 09:35:29.318150,CONT_004,Fruits,Nagpur,Delhi,7.24,78.49,0.065,107.17,Medium,Check Cooling System,Warning
2026-08-09 09:35:30.324999,CONT_004,Fruits,Nagpur,Delhi,7.46,71.38,0.066,457.74,Medium,Check Cooling System,Warning
2026-08-09 09:35:31.335657,CONT_004,Fruits,Nagpur,Delhi,9.08,62.44,0.036,1039.29,High,Immediate Inspection,Critical
2026-08-09 09:35:32.343568,CONT_004,Fruits,Nagpur,Delhi,11.96,65.13,0.019,474.01,High,Immediate Inspection,Critical
2026-08-09 09:35:33.352166,CONT_001,Vaccines,Hyderabad,Chennai,4.54,83.48,0.027,1292.38,Low,Continue Monitoring,Normal
2026-08-09 09:35:34.358708,CONT_002,Seafood,Vizag,Mumbai,2.24,70.07,0.075,567.66,Medium,Check Cooling System,Warning
2026-08-09 09:35:35.365951,CONT_001,Vaccines,Hyderabad,Chennai,4.11,61.18,0.069,571.94,Medium,Check Cooling System,Warning
2026-08-09 09:35:36.371992,CONT_002,Seafood,Vizag,Mumbai,-0.97,77.87,0.078,1391.44,Medium,Check Cooling System,Warning
2026-08-09 09:35:37.380296,CONT_001,Vaccines,Hyderabad,Chennai,3.84,86.43,0.08,783.55,Medium,Check Cooling System,Warning
2026-08-09 09:35:38.386900,CONT_001,Vaccines,Hyderabad,Chennai,5.28,83.7,0.015,1481.35,Medium,Check Cooling System,Warning
2026-08-09 09:35:39.393693,CONT_001,Vaccines,Hyderabad,Chennai,2.99,66.4,0.049,437.72,Low,Continue Monitoring,Normal
2026-08-09 09:35:40.401317,CONT_001,Vaccines,Hyderabad,Chennai,5.82,62.91,0.061,810.67,Medium,Check Cooling System,Warning
2026-08-09 09:35:41.415340,CONT_003,Dairy,Bengaluru,Pune,1.5,65.79,0.055,1324.32,Medium,Check Cooling System,Warning
2026-08-09 09:35:42.423626,CONT_002,Seafood,Vizag,Mumbai,1.61,69.62,0.084,771.42,High,Immediate Inspection,Critical
2026-08-09 09:35:43.432041,CONT_004,Fruits,Nagpur,Delhi,9.69,78.15,0.016,457.76,High,Immediate Inspection,Critical
2026-08-09 09:35:44.439840,CONT_003,Dairy,Bengaluru,Pune,1.75,60.73,0.091,1041.45,High,Immediate Inspection,Critical
2026-08-09 09:35:45.444847,CONT_004,Fruits,Nagpur,Delhi,11.09,65.12,0.085,74.61,High,Immediate Inspection,Critical
2026-08-09 09:35:46.455249,CONT_003,Dairy,Bengaluru,Pune,3.27,82.05,0.082,958.14,High,Immediate Inspection,Critical
2026-08-09 09:35:47.462105,CONT_002,Seafood,Vizag,Mumbai,-1.72,63.7,0.026,1026.12,Low,Continue Monitoring,Normal
2026-08-09 09:35:48.469340,CONT_002,Seafood,Vizag,Mumbai,2.82,88.42,0.036,1276.9,Low,Continue Monitoring,Normal
2026-08-09 09:35:49.477117,CONT_001,Vaccines,Hyderabad,Chennai,5.15,81.77,0.013,353.76,Medium,Check Cooling System,Warning
2026-08-09 09:35:50.484266,CONT_001,Vaccines,Hyderabad,Chennai,7.91,78.39,0.098,1482.12,High,Immediate Inspection,Critical
2026-08-09 09:35:51.490884,CONT_001,Vaccines,Hyderabad,Chennai,7.71,72.76,0.012,418.92,Medium,Check Cooling System,Warning
2026-08-09 09:35:52.496561,CONT_002,Seafood,Vizag,Mumbai,-1.12,62.36,0.079,1170.5,Medium,Check Cooling System,Warning
2026-08-09 09:35:53.505444,CONT_002,Seafood,Vizag,Mumbai,2.33,72.78,0.02,1149.67,Low,Continue Monitoring,Normal
2026-08-09 09:35:54.513052,CONT_002,Seafood,Vizag,Mumbai,1.69,70.31,0.077,130.65,Medium,Check Cooling System,Warning
2026-08-09 09:35:55.519993,CONT_002,Seafood,Vizag,Mumbai,2.64,80.98,0.016,805.82,Low,Continue Monitoring,Normal
2026-08-09 09:35:56.533895,CONT_004,Fruits,Nagpur,Delhi,11.15,79.03,0.022,190.44,High,Immediate Inspection,Critical
2026-08-09 09:35:57.540661,CONT_003,Dairy,Bengaluru,Pune,4.0,66.38,0.026,616.62,Low,Continue Monitoring,Normal
2026-08-09 09:35:58.548117,CONT_001,Vaccines,Hyderabad,Chennai,5.34,80.87,0.077,1490.92,Medium,Check Cooling System,Warning
2026-08-09 09:35:59.554318,CONT_004,Fruits,Nagpur,Delhi,4.37,75.8,0.085,375.16,High,Immediate Inspection,Critical
2026-08-09 09:36:00.561319,CONT_004,Fruits,Nagpur,Delhi,9.4,76.28,0.071,1255.44,High,Immediate Inspection,Critical
2026-08-09 09:36:01.567087,CONT_003,Dairy,Bengaluru,Pune,1.83,74.2,0.077,677.72,Medium,Check Cooling System,Warning
2026-08-09 09:36:02.574160,CONT_003,Dairy,Bengaluru,Pune,1.9,71.05,0.098,1499.49,High,Immediate Inspection,Critical
2026-08-09 09:36:03.580721,CONT_001,Vaccines,Hyderabad,Chennai,5.34,67.47,0.075,702.93,Medium,Check Cooling System,Warning
2026-08-09 09:36:04.589767,CONT_001,Vaccines,Hyderabad,Chennai,6.8,67.23,0.026,288.99,Medium,Check Cooling System,Warning
2026-08-09 09:36:05.596235,CONT_003,Dairy,Bengaluru,Pune,3.86,74.58,0.026,541.58,Low,Continue Monitoring,Normal
2026-08-09 09:36:06.603656,CONT_002,Seafood,Vizag,Mumbai,2.74,86.28,0.04,952.49,Low,Continue Monitoring,Normal
2026-08-09 09:36:07.610868,CONT_003,Dairy,Bengaluru,Pune,2.27,70.58,0.012,1463.87,Low,Continue Monitoring,Normal
2026-08-09 09:36:08.619794,CONT_003,Dairy,Bengaluru,Pune,1.39,87.8,0.024,1261.17,Low,Continue Monitoring,Normal
2026-08-09 09:36:09.626657,CONT_002,Seafood,Vizag,Mumbai,0.73,79.39,0.071,438.27,Medium,Check Cooling System,Warning
2026-08-09 09:36:10.636904,CONT_002,Seafood,Vizag,Mumbai,3.87,85.94,0.066,1220.37,Medium,Check Cooling System,Warning
2026-08-09 09:36:11.644265,CONT_002,Seafood,Vizag,Mumbai,3.0,80.4,0.041,975.67,Low,Continue Monitoring,Normal
2026-08-09 09:36:12.651494,CONT_002,Seafood,Vizag,Mumbai,-1.99,64.28,0.014,1193.33,Low,Continue Monitoring,Normal
2026-08-09 09:36:13.659082,CONT_001,Vaccines,Hyderabad,Chennai,3.8,84.28,0.058,1209.9,Medium,Check Cooling System,Warning
2026-08-09 09:36:14.666659,CONT_003,Dairy,Bengaluru,Pune,4.47,68.28,0.051,1421.78,Medium,Check Cooling System,Warning
2026-08-09 09:36:15.673995,CONT_004,Fruits,Nagpur,Delhi,9.03,62.48,0.074,808.01,High,Immediate Inspection,Critical
2026-08-09 09:36:16.680529,CONT_003,Dairy,Bengaluru,Pune,4.94,66.23,0.097,199.03,High,Immediate Inspection,Critical
2026-08-09 09:36:17.697001,CONT_001,Vaccines,Hyderabad,Chennai,3.18,88.62,0.076,775.76,Medium,Check Cooling System,Warning
2026-08-09 09:36:18.703604,CONT_002,Seafood,Vizag,Mumbai,-1.42,67.99,0.015,177.51,Low,Continue Monitoring,Normal
2026-08-09 09:36:19.711937,CONT_001,Vaccines,Hyderabad,Chennai,6.28,74.43,0.061,591.46,Medium,Check Cooling System,Warning
2026-08-09 09:36:20.718615,CONT_002,Seafood,Vizag,Mumbai,-1.79,63.36,0.082,311.43,High,Immediate Inspection,Critical
2026-08-09 09:36:21.720555,CONT_001,Vaccines,Hyderabad,Chennai,2.88,83.04,0.051,708.7,Medium,Check Cooling System,Warning
2026-08-09 09:36:22.737338,CONT_004,Fruits,Nagpur,Delhi,5.18,89.2,0.023,743.34,Medium,Check Cooling System,Warning
2026-08-09 09:36:23.747863,CONT_001,Vaccines,Hyderabad,Chennai,7.87,85.53,0.055,742.26,Medium,Check Cooling System,Warning
2026-08-09 09:36:24.755043,CONT_004,Fruits,Nagpur,Delhi,7.67,79.69,0.024,690.27,Medium,Check Cooling System,Warning
2026-08-09 09:36:25.756327,CONT_002,Seafood,Vizag,Mumbai,-0.02,80.36,0.093,913.7,High,Immediate Inspection,Critical
2026-08-09 09:36:26.769045,CONT_001,Vaccines,Hyderabad,Chennai,5.0,72.99,0.017,1334.37,Low,Continue Monitoring,Normal
2026-08-09 09:36:27.776867,CONT_001,Vaccines,Hyderabad,Chennai,6.69,64.51,0.097,37.58,High,Immediate Inspection,Critical
2026-08-09 09:36:28.783751,CONT_004,Fruits,Nagpur,Delhi,10.8,74.39,0.024,1290.94,High,Immediate Inspection,Critical
2026-08-09 09:36:29.792457,CONT_003,Dairy,Bengaluru,Pune,1.71,69.11,0.056,225.38,Medium,Check Cooling System,Warning
2026-08-09 09:36:30.799233,CONT_003,Dairy,Bengaluru,Pune,4.27,66.61,0.045,1112.65,Low,Continue Monitoring,Normal
2026-08-09 09:36:31.806258,CONT_002,Seafood,Vizag,Mumbai,3.3,88.78,0.058,257.07,Medium,Check Cooling System,Warning
2026-08-09 09:36:32.813278,CONT_001,Vaccines,Hyderabad,Chennai,5.39,60.5,0.046,192.61,Medium,Check Cooling System,Warning
2026-08-09 09:36:33.818231,CONT_002,Seafood,Vizag,Mumbai,-0.53,79.42,0.046,417.1,Low,Continue Monitoring,Normal
2026-08-09 09:36:34.824616,CONT_003,Dairy,Bengaluru,Pune,4.55,77.33,0.091,750.65,High,Immediate Inspection,Critical
2026-08-09 09:36:35.835205,CONT_004,Fruits,Nagpur,Delhi,9.4,66.95,0.054,868.98,High,Immediate Inspection,Critical
2026-08-09 09:36:36.842581,CONT_002,Seafood,Vizag,Mumbai,1.07,66.71,0.041,1188.76,Low,Continue Monitoring,Normal
2026-08-09 09:36:37.850145,CONT_002,Seafood,Vizag,Mumbai,0.14,63.46,0.019,444.86,Low,Continue Monitoring,Normal
2026-08-09 09:36:38.856556,CONT_001,Vaccines,Hyderabad,Chennai,3.69,68.54,0.093,1188.52,High,Immediate Inspection,Critical
2026-08-09 09:36:39.862001,CONT_002,Seafood,Vizag,Mumbai,-0.52,79.11,0.058,1156.37,Medium,Check Cooling System,Warning
2026-08-09 09:36:40.868204,CONT_002,Seafood,Vizag,Mumbai,0.71,70.62,0.069,626.3,Medium,Check Cooling System,Warning
2026-08-09 09:36:41.878180,CONT_003,Dairy,Bengaluru,Pune,1.37,83.1,0.059,127.46,Medium,Check Cooling System,Warning
2026-08-09 09:36:42.885835,CONT_004,Fruits,Nagpur,Delhi,7.6,68.8,0.043,870.39,Medium,Check Cooling System,Warning
2026-08-09 09:36:43.890935,CONT_002,Seafood,Vizag,Mumbai,0.21,68.06,0.05,534.63,Low,Continue Monitoring,Normal
2026-08-09 09:36:44.900120,CONT_002,Seafood,Vizag,Mumbai,3.37,73.76,0.094,923.01,High,Immediate Inspection,Critical
2026-08-09 09:36:45.907994,CONT_004,Fruits,Nagpur,Delhi,5.03,74.67,0.091,1333.22,High,Immediate Inspection,Critical
2026-08-09 09:36:46.914551,CONT_003,Dairy,Bengaluru,Pune,1.52,77.1,0.017,972.33,Low,Continue Monitoring,Normal
2026-08-09 09:36:47.921342,CONT_001,Vaccines,Hyderabad,Chennai,6.05,71.1,0.078,295.75,Medium,Check Cooling System,Warning
2026-08-09 09:36:48.923157,CONT_001,Vaccines,Hyderabad,Chennai,2.74,71.75,0.049,399.12,Low,Continue Monitoring,Normal
2026-08-09 09:36:49.934614,CONT_003,Dairy,Bengaluru,Pune,3.15,86.17,0.089,806.0,High,Immediate Inspection,Critical
2026-08-09 09:36:50.942714,CONT_003,Dairy,Bengaluru,Pune,1.48,69.73,0.02,956.6,Low,Continue Monitoring,Normal
2026-08-09 09:36:51.949654,CONT_001,Vaccines,Hyderabad,Chennai,7.7,82.6,0.074,387.59,Medium,Check Cooling System,Warning
2026-08-09 09:36:52.956388,CONT_002,Seafood,Vizag,Mumbai,0.55,69.69,0.091,821.03,High,Immediate Inspection,Critical
2026-08-09 09:36:53.964686,CONT_002,Seafood,Vizag,Mumbai,0.48,69.29,0.077,1228.43,Medium,Check Cooling System,Warning
2026-08-09 09:36:54.965906,CONT_003,Dairy,Bengaluru,Pune,2.5,63.58,0.068,1345.93,Medium,Check Cooling System,Warning
2026-08-09 09:36:55.977879,CONT_001,Vaccines,Hyderabad,Chennai,2.3,74.74,0.058,73.98,Medium,Check Cooling System,Warning
2026-08-09 09:36:56.984835,CONT_002,Seafood,Vizag,Mumbai,-1.92,79.24,0.045,85.6,Low,Continue Monitoring,Normal
2026-08-09 09:36:57.992934,CONT_003,Dairy,Bengaluru,Pune,3.12,65.61,0.06,1340.36,Medium,Check Cooling System,Warning
2026-08-09 09:36:59.000368,CONT_001,Vaccines,Hyderabad,Chennai,3.38,89.23,0.022,880.98,Low,Continue Monitoring,Normal
2026-08-09 09:37:00.007971,CONT_004,Fruits,Nagpur,Delhi,8.85,63.91,0.094,342.0,High,Immediate Inspection,Critical
2026-08-09 09:37:01.016002,CONT_001,Vaccines,Hyderabad,Chennai,5.57,86.23,0.053,1077.94,Medium,Check Cooling System,Warning
2026-08-09 09:37:02.023080,CONT_003,Dairy,Bengaluru,Pune,4.89,82.06,0.014,36.61,Low,Continue Monitoring,Normal
2026-08-09 09:37:03.029368,CONT_002,Seafood,Vizag,Mumbai,0.98,65.76,0.039,314.25,Low,Continue Monitoring,Normal
2026-08-09 09:37:04.035944,CONT_001,Vaccines,Hyderabad,Chennai,2.34,85.85,0.079,505.26,Medium,Check Cooling System,Warning
2026-08-09 09:37:05.044775,CONT_001,Vaccines,Hyderabad,Chennai,7.84,87.49,0.04,1465.2,Medium,Check Cooling System,Warning
2026-08-09 09:37:06.051759,CONT_002,Seafood,Vizag,Mumbai,1.71,79.3,0.021,1087.16,Low,Continue Monitoring,Normal
2026-08-09 09:37:07.059037,CONT_002,Seafood,Vizag,Mumbai,-1.51,61.9,0.033,324.48,Low,Continue Monitoring,Normal
2026-08-09 09:37:08.066211,CONT_003,Dairy,Bengaluru,Pune,3.98,82.55,0.036,244.5,Low,Continue Monitoring,Normal
2026-08-09 09:37:09.072631,CONT_001,Vaccines,Hyderabad,Chennai,4.9,60.31,0.04,296.71,Low,Continue Monitoring,Normal
2026-08-09 09:37:10.080327,CONT_001,Vaccines,Hyderabad,Chennai,3.31,64.72,0.028,1453.07,Low,Continue Monitoring,Normal
2026-08-09 09:37:11.089774,CONT_002,Seafood,Vizag,Mumbai,0.75,76.76,0.092,499.72,High,Immediate Inspection,Critical
2026-08-09 09:37:12.098650,CONT_002,Seafood,Vizag,Mumbai,-1.12,76.64,0.054,734.64,Medium,Check Cooling System,Warning
2026-08-09 09:37:13.102642,CONT_002,Seafood,Vizag,Mumbai,1.45,87.28,0.062,207.41,Medium,Check Cooling System,Warning
2026-08-09 09:37:14.114208,CONT_002,Seafood,Vizag,Mumbai,1.88,82.41,0.097,188.5,High,Immediate Inspection,Critical
2026-08-09 09:37:15.118857,CONT_002,Seafood,Vizag,Mumbai,-1.13,68.1,0.067,606.19,Medium,Check Cooling System,Warning
2026-08-09 09:37:16.127010,CONT_001,Vaccines,Hyderabad,Chennai,5.73,65.76,0.041,1221.84,Medium,Check Cooling System,Warning
2026-08-09 09:37:17.133918,CONT_001,Vaccines,Hyderabad,Chennai,4.96,60.53,0.091,926.95,High,Immediate Inspection,Critical
2026-08-09 09:37:18.140285,CONT_003,Dairy,Bengaluru,Pune,3.59,65.31,0.065,1038.84,Medium,Check Cooling System,Warning
2026-08-09 09:37:19.148104,CONT_001,Vaccines,Hyderabad,Chennai,6.0,80.16,0.01,1492.43,Medium,Check Cooling System,Warning
2026-08-09 09:37:20.154607,CONT_003,Dairy,Bengaluru,Pune,1.16,87.0,0.06,52.62,Medium,Check Cooling System,Warning
2026-08-09 09:37:21.163872,CONT_002,Seafood,Vizag,Mumbai,1.4,88.36,0.052,137.85,Medium,Check Cooling System,Warning
2026-08-09 09:37:22.170267,CONT_003,Dairy,Bengaluru,Pune,2.13,79.92,0.096,277.89,High,Immediate Inspection,Critical
2026-08-09 09:37:23.176756,CONT_003,Dairy,Bengaluru,Pune,4.39,69.52,0.013,470.28,Low,Continue Monitoring,Normal
2026-08-09 09:37:24.183897,CONT_004,Fruits,Nagpur,Delhi,6.92,60.32,0.052,482.76,Medium,Check Cooling System,Warning
2026-08-09 09:37:25.191415,CONT_004,Fruits,Nagpur,Delhi,5.28,86.32,0.023,685.48,Medium,Check Cooling System,Warning
2026-08-09 09:37:26.195194,CONT_001,Vaccines,Hyderabad,Chennai,3.65,72.16,0.063,841.17,Medium,Check Cooling System,Warning
2026-08-09 09:37:27.206137,CONT_002,Seafood,Vizag,Mumbai,0.18,71.84,0.092,1121.81,High,Immediate Inspection,Critical
2026-08-09 09:37:28.217757,CONT_004,Fruits,Nagpur,Delhi,9.17,74.06,0.051,1474.5,High,Immediate Inspection,Critical
2026-08-09 09:37:29.224689,CONT_003,Dairy,Bengaluru,Pune,1.27,83.3,0.087,403.06,High,Immediate Inspection,Critical
2026-08-09 09:37:30.233315,CONT_003,Dairy,Bengaluru,Pune,2.45,76.21,0.017,615.82,Low,Continue Monitoring,Normal
2026-08-09 09:37:31.238995,CONT_004,Fruits,Nagpur,Delhi,10.05,73.27,0.095,1369.12,High,Immediate Inspection,Critical
2026-08-09 09:37:32.246299,CONT_004,Fruits,Nagpur,Delhi,7.28,63.52,0.083,713.59,High,Immediate Inspection,Critical
2026-08-09 09:37:33.253108,CONT_002,Seafood,Vizag,Mumbai,2.66,60.21,0.046,1369.54,Low,Continue Monitoring,Normal
2026-08-09 09:37:34.259683,CONT_004,Fruits,Nagpur,Delhi,6.44,74.37,0.055,28.31,Medium,Check Cooling System,Warning
2026-08-09 09:37:35.267166,CONT_001,Vaccines,Hyderabad,Chennai,5.37,67.17,0.027,334.09,Medium,Check Cooling System,Warning
2026-08-09 09:37:36.273821,CONT_001,Vaccines,Hyderabad,Chennai,2.36,81.12,0.029,155.9,Low,Continue Monitoring,Normal
2026-08-09 09:37:37.280311,CONT_002,Seafood,Vizag,Mumbai,2.96,71.92,0.042,61.92,Low,Continue Monitoring,Normal
2026-08-09 09:37:38.282229,CONT_001,Vaccines,Hyderabad,Chennai,6.03,84.58,0.035,940.55,Medium,Check Cooling System,Warning
2026-08-09 09:37:39.293116,CONT_002,Seafood,Vizag,Mumbai,-1.91,84.65,0.033,83.01,Low,Continue Monitoring,Normal
2026-08-09 09:37:40.301009,CONT_002,Seafood,Vizag,Mumbai,2.28,71.85,0.093,112.08,High,Immediate Inspection,Critical
2026-08-09 09:37:41.308853,CONT_004,Fruits,Nagpur,Delhi,11.42,70.0,0.041,1371.41,High,Immediate Inspection,Critical
2026-08-09 09:37:42.315760,CONT_003,Dairy,Bengaluru,Pune,1.27,67.55,0.089,1407.92,High,Immediate Inspection,Critical
2026-08-09 09:37:43.321896,CONT_003,Dairy,Bengaluru,Pune,4.57,83.64,0.072,1108.12,Medium,Check Cooling System,Warning
2026-08-09 09:37:44.328174,CONT_004,Fruits,Nagpur,Delhi,5.0,75.75,0.019,515.09,Low,Continue Monitoring,Normal
2026-08-09 09:37:45.336546,CONT_001,Vaccines,Hyderabad,Chennai,4.87,73.27,0.094,175.13,High,Immediate Inspection,Critical
2026-08-09 09:37:46.344693,CONT_002,Seafood,Vizag,Mumbai,0.99,74.58,0.083,1133.83,High,Immediate Inspection,Critical
2026-08-09 09:37:47.351216,CONT_002,Seafood,Vizag,Mumbai,-1.95,73.79,0.039,247.72,Low,Continue Monitoring,Normal
2026-08-09 09:37:48.360202,CONT_002,Seafood,Vizag,Mumbai,0.14,89.73,0.032,552.41,Low,Continue Monitoring,Normal
2026-08-09 09:37:49.363759,CONT_001,Vaccines,Hyderabad,Chennai,2.34,89.16,0.089,1312.8,High,Immediate Inspection,Critical
2026-08-09 09:37:50.375186,CONT_004,Fruits,Nagpur,Delhi,4.17,79.37,0.075,749.51,Medium,Check Cooling System,Warning
2026-08-09 09:37:51.382777,CONT_002,Seafood,Vizag,Mumbai,0.96,69.29,0.028,855.24,Low,Continue Monitoring,Normal
2026-08-09 09:37:52.388733,CONT_001,Vaccines,Hyderabad,Chennai,7.94,69.19,0.068,1151.77,Medium,Check Cooling System,Warning
2026-08-09 09:37:53.396470,CONT_004,Fruits,Nagpur,Delhi,9.41,67.28,0.029,497.98,High,Immediate Inspection,Critical
2026-08-09 09:37:54.403234,CONT_002,Seafood,Vizag,Mumbai,1.61,75.42,0.049,472.68,Low,Continue Monitoring,Normal
2026-08-09 09:37:55.409731,CONT_004,Fruits,Nagpur,Delhi,11.39,66.56,0.03,292.56,High,Immediate Inspection,Critical
2026-08-09 09:37:56.416510,CONT_004,Fruits,Nagpur,Delhi,4.6,83.89,0.092,777.37,High,Immediate Inspection,Critical
2026-08-09 09:37:57.423853,CONT_004,Fruits,Nagpur,Delhi,4.13,87.54,0.073,848.72,Medium,Check Cooling System,Warning
2026-08-09 09:37:58.430860,CONT_001,Vaccines,Hyderabad,Chennai,3.08,80.54,0.066,468.33,Medium,Check Cooling System,Warning
2026-08-09 09:37:59.437926,CONT_004,Fruits,Nagpur,Delhi,4.29,78.65,0.087,1134.26,High,Immediate Inspection,Critical
2026-08-09 09:38:00.445642,CONT_001,Vaccines,Hyderabad,Chennai,5.66,79.9,0.043,1131.5,Medium,Check Cooling System,Warning
2026-08-09 09:38:01.452728,CONT_001,Vaccines,Hyderabad,Chennai,4.93,86.59,0.061,840.46,Medium,Check Cooling System,Warning
2026-08-09 09:38:02.459749,CONT_004,Fruits,Nagpur,Delhi,9.53,61.48,0.017,1082.31,High,Immediate Inspection,Critical
2026-08-09 09:38:03.465482,CONT_004,Fruits,Nagpur,Delhi,8.79,77.6,0.039,1122.52,High,Immediate Inspection,Critical
2026-08-09 09:38:04.472566,CONT_003,Dairy,Bengaluru,Pune,1.21,88.65,0.09,1494.49,High,Immediate Inspection,Critical
2026-08-09 09:38:05.480081,CONT_004,Fruits,Nagpur,Delhi,5.29,77.32,0.099,448.39,High,Immediate Inspection,Critical
2026-08-09 09:38:06.486455,CONT_003,Dairy,Bengaluru,Pune,1.05,84.45,0.043,606.21,Low,Continue Monitoring,Normal
2026-08-09 09:38:07.493764,CONT_001,Vaccines,Hyderabad,Chennai,7.44,83.14,0.075,1370.08,Medium,Check Cooling System,Warning
2026-08-09 09:38:08.501164,CONT_002,Seafood,Vizag,Mumbai,2.17,86.32,0.075,827.46,Medium,Check Cooling System,Warning
2026-08-09 09:38:09.508815,CONT_004,Fruits,Nagpur,Delhi,9.55,64.91,0.059,1025.26,High,Immediate Inspection,Critical
2026-08-09 09:38:10.515942,CONT_003,Dairy,Bengaluru,Pune,1.7,61.66,0.033,33.82,Low,Continue Monitoring,Normal
2026-08-09 09:38:11.522189,CONT_002,Seafood,Vizag,Mumbai,2.67,65.24,0.035,1043.9,Low,Continue Monitoring,Normal
2026-08-09 09:38:12.527875,CONT_003,Dairy,Bengaluru,Pune,4.94,71.2,0.015,165.64,Low,Continue Monitoring,Normal
2026-08-09 09:38:13.535265,CONT_003,Dairy,Bengaluru,Pune,4.15,71.67,0.089,826.03,High,Immediate Inspection,Critical
2026-08-09 09:38:14.538118,CONT_004,Fruits,Nagpur,Delhi,8.45,62.22,0.085,973.08,High,Immediate Inspection,Critical
2026-08-09 09:38:15.551916,CONT_001,Vaccines,Hyderabad,Chennai,3.17,78.59,0.06,857.15,Medium,Check Cooling System,Warning
2026-08-09 09:38:16.561916,CONT_003,Dairy,Bengaluru,Pune,1.61,89.98,0.04,235.43,Low,Continue Monitoring,Normal
2026-08-09 09:38:17.569867,CONT_003,Dairy,Bengaluru,Pune,3.81,82.67,0.053,1270.81,Medium,Check Cooling System,Warning
2026-08-09 09:38:18.576775,CONT_002,Seafood,Vizag,Mumbai,2.98,69.16,0.08,1456.71,Medium,Check Cooling System,Warning
2026-08-09 09:38:19.583633,CONT_002,Seafood,Vizag,Mumbai,0.28,71.12,0.088,199.6,High,Immediate Inspection,Critical
2026-08-09 09:38:20.591040,CONT_003,Dairy,Bengaluru,Pune,2.0,68.83,0.039,1391.22,Low,Continue Monitoring,Normal
2026-08-09 09:38:21.597978,CONT_001,Vaccines,Hyderabad,Chennai,3.85,66.32,0.037,747.22,Low,Continue Monitoring,Normal
2026-08-09 09:38:22.604713,CONT_003,Dairy,Bengaluru,Pune,3.17,67.34,0.063,129.65,Medium,Check Cooling System,Warning
2026-08-09 09:38:23.613578,CONT_002,Seafood,Vizag,Mumbai,1.45,71.02,0.05,1496.25,Low,Continue Monitoring,Normal
2026-08-09 09:38:24.620902,CONT_003,Dairy,Bengaluru,Pune,1.73,85.14,0.058,1020.68,Medium,Check Cooling System,Warning
2026-08-09 09:38:25.628232,CONT_003,Dairy,Bengaluru,Pune,2.09,70.07,0.038,250.0,Low,Continue Monitoring,Normal
2026-08-09 09:38:26.634806,CONT_002,Seafood,Vizag,Mumbai,3.42,80.63,0.013,251.92,Low,Continue Monitoring,Normal
2026-08-09 09:38:27.643962,CONT_001,Vaccines,Hyderabad,Chennai,4.67,73.81,0.078,1116.54,Medium,Check Cooling System,Warning
2026-08-09 09:38:28.650443,CONT_003,Dairy,Bengaluru,Pune,1.14,87.07,0.014,1241.47,Low,Continue Monitoring,Normal
2026-08-09 09:38:29.657367,CONT_002,Seafood,Vizag,Mumbai,-1.45,67.73,0.068,767.11,Medium,Check Cooling System,Warning
2026-08-09 09:38:30.667279,CONT_002,Seafood,Vizag,Mumbai,-0.36,70.82,0.066,427.75,Medium,Check Cooling System,Warning
2026-08-09 09:38:31.675459,CONT_004,Fruits,Nagpur,Delhi,10.76,82.36,0.053,725.85,High,Immediate Inspection,Critical
2026-08-09 09:38:32.683265,CONT_002,Seafood,Vizag,Mumbai,1.87,85.04,0.063,1180.48,Medium,Check Cooling System,Warning
2026-08-09 09:38:33.689642,CONT_001,Vaccines,Hyderabad,Chennai,3.2,67.09,0.04,522.82,Low,Continue Monitoring,Normal
2026-08-09 09:38:34.697175,CONT_004,Fruits,Nagpur,Delhi,8.78,75.98,0.03,1382.6,High,Immediate Inspection,Critical
2026-08-09 09:38:35.704120,CONT_003,Dairy,Bengaluru,Pune,1.07,67.57,0.096,428.61,High,Immediate Inspection,Critical
2026-08-09 09:38:36.711955,CONT_003,Dairy,Bengaluru,Pune,3.31,64.75,0.054,664.89,Medium,Check Cooling System,Warning
2026-08-09 09:38:37.720793,CONT_002,Seafood,Vizag,Mumbai,1.36,85.31,0.013,1088.88,Low,Continue Monitoring,Normal
2026-08-09 09:38:38.728114,CONT_001,Vaccines,Hyderabad,Chennai,7.3,88.65,0.077,1081.2,Medium,Check Cooling System,Warning
2026-08-09 09:38:39.734475,CONT_003,Dairy,Bengaluru,Pune,1.54,82.78,0.022,49.79,Low,Continue Monitoring,Normal
2026-08-09 09:38:40.742160,CONT_001,Vaccines,Hyderabad,Chennai,6.85,74.84,0.057,880.17,Medium,Check Cooling System,Warning
2026-08-09 09:38:41.748178,CONT_001,Vaccines,Hyderabad,Chennai,3.94,83.14,0.077,767.99,Medium,Check Cooling System,Warning
2026-08-09 09:38:42.755894,CONT_004,Fruits,Nagpur,Delhi,6.36,67.81,0.043,372.02,Medium,Check Cooling System,Warning
2026-08-09 09:38:43.763174,CONT_001,Vaccines,Hyderabad,Chennai,7.92,81.04,0.025,528.92,Medium,Check Cooling System,Warning
2026-08-09 09:38:44.771019,CONT_003,Dairy,Bengaluru,Pune,2.09,79.62,0.043,1038.54,Low,Continue Monitoring,Normal
2026-08-09 09:38:45.777789,CONT_004,Fruits,Nagpur,Delhi,11.06,77.93,0.068,1047.42,High,Immediate Inspection,Critical
2026-08-09 09:38:46.786885,CONT_003,Dairy,Bengaluru,Pune,1.56,72.66,0.052,1021.23,Medium,Check Cooling System,Warning
2026-08-09 09:38:47.793678,CONT_001,Vaccines,Hyderabad,Chennai,4.27,71.62,0.098,1278.72,High,Immediate Inspection,Critical
2026-08-09 09:38:48.800500,CONT_002,Seafood,Vizag,Mumbai,1.91,71.26,0.065,629.97,Medium,Check Cooling System,Warning
2026-08-09 09:38:49.807558,CONT_001,Vaccines,Hyderabad,Chennai,3.16,81.05,0.07,97.17,Medium,Check Cooling System,Warning
2026-08-09 09:38:50.814150,CONT_004,Fruits,Nagpur,Delhi,4.31,76.48,0.068,58.18,Medium,Check Cooling System,Warning
2026-08-09 09:38:51.821846,CONT_003,Dairy,Bengaluru,Pune,2.33,73.22,0.023,43.49,Low,Continue Monitoring,Normal
2026-08-09 09:38:52.828631,CONT_001,Vaccines,Hyderabad,Chennai,3.0,77.48,0.043,747.22,Low,Continue Monitoring,Normal
2026-08-09 09:38:53.834365,CONT_003,Dairy,Bengaluru,Pune,1.06,63.72,0.038,420.28,Low,Continue Monitoring,Normal
2026-08-09 09:38:54.841167,CONT_001,Vaccines,Hyderabad,Chennai,4.23,89.89,0.057,35.67,Medium,Check Cooling System,Warning
2026-08-09 09:38:55.847410,CONT_002,Seafood,Vizag,Mumbai,1.57,79.68,0.083,112.83,High,Immediate Inspection,Critical
2026-08-09 09:38:56.853939,CONT_003,Dairy,Bengaluru,Pune,3.25,74.94,0.069,854.69,Medium,Check Cooling System,Warning
2026-08-09 09:38:57.855960,CONT_003,Dairy,Bengaluru,Pune,1.1,66.99,0.051,1029.55,Medium,Check Cooling System,Warning
2026-08-09 09:38:58.867879,CONT_001,Vaccines,Hyderabad,Chennai,3.48,81.5,0.098,1170.42,High,Immediate Inspection,Critical
2026-08-09 09:38:59.876996,CONT_001,Vaccines,Hyderabad,Chennai,4.15,70.65,0.052,845.14,Medium,Check Cooling System,Warning
2026-08-09 09:39:00.884833,CONT_002,Seafood,Vizag,Mumbai,2.14,88.27,0.092,1223.63,High,Immediate Inspection,Critical
2026-08-09 09:39:01.891996,CONT_004,Fruits,Nagpur,Delhi,5.68,80.54,0.047,763.38,Medium,Check Cooling System,Warning
2026-08-09 09:39:02.898474,CONT_004,Fruits,Nagpur,Delhi,8.66,73.62,0.081,1230.36,High,Immediate Inspection,Critical
2026-08-09 09:39:03.906331,CONT_002,Seafood,Vizag,Mumbai,-1.53,88.98,0.078,936.32,Medium,Check Cooling System,Warning
2026-08-09 09:39:04.913808,CONT_001,Vaccines,Hyderabad,Chennai,3.7,87.62,0.045,95.25,Low,Continue Monitoring,Normal
2026-08-09 09:39:05.920720,CONT_002,Seafood,Vizag,Mumbai,2.62,74.73,0.081,268.2,High,Immediate Inspection,Critical
2026-08-09 09:39:06.927139,CONT_003,Dairy,Bengaluru,Pune,2.32,73.65,0.03,878.21,Low,Continue Monitoring,Normal
2026-08-09 09:39:07.932311,CONT_002,Seafood,Vizag,Mumbai,-0.18,68.67,0.09,987.08,High,Immediate Inspection,Critical
2026-08-09 10:22:51.378941,CONT_003,Dairy,Bengaluru,Pune,4.38,80.25,0.083,422.42,High,Immediate Inspection,Critical
2026-08-09 10:22:52.387788,CONT_001,Vaccines,Hyderabad,Chennai,4.44,75.7,0.079,565.35,Medium,Check Cooling System,Warning
2026-08-09 10:22:53.399001,CONT_002,Seafood,Vizag,Mumbai,2.93,82.36,0.034,658.18,Low,Continue Monitoring,Normal
2026-08-09 10:22:54.407763,CONT_002,Seafood,Vizag,Mumbai,-1.16,63.91,0.021,1264.15,Low,Continue Monitoring,Normal
2026-08-09 10:22:55.412065,CONT_001,Vaccines,Hyderabad,Chennai,3.83,87.17,0.068,596.68,Medium,Check Cooling System,Warning
2026-08-09 10:22:56.423669,CONT_001,Vaccines,Hyderabad,Chennai,6.99,68.7,0.027,1344.49,Medium,Check Cooling System,Warning
2026-08-09 10:22:57.430186,CONT_002,Seafood,Vizag,Mumbai,2.02,81.58,0.06,236.73,Medium,Check Cooling System,Warning
2026-08-09 10:22:58.439167,CONT_002,Seafood,Vizag,Mumbai,1.74,62.8,0.058,1262.06,Medium,Check Cooling System,Warning
2026-08-09 10:22:59.445488,CONT_001,Vaccines,Hyderabad,Chennai,5.86,71.55,0.073,880.07,Medium,Check Cooling System,Warning
2026-08-09 10:23:00.453306,CONT_001,Vaccines,Hyderabad,Chennai,2.29,77.39,0.032,1009.88,Low,Continue Monitoring,Normal
2026-08-09 10:23:01.459944,CONT_001,Vaccines,Hyderabad,Chennai,6.38,73.9,0.023,1338.95,Medium,Check Cooling System,Warning
2026-08-09 10:23:02.467365,CONT_001,Vaccines,Hyderabad,Chennai,4.56,67.99,0.066,1322.59,Medium,Check Cooling System,Warning
2026-08-09 10:23:03.474912,CONT_003,Dairy,Bengaluru,Pune,1.06,60.07,0.024,139.41,Low,Continue Monitoring,Normal
2026-08-09 10:23:04.480627,CONT_004,Fruits,Nagpur,Delhi,7.49,67.41,0.026,649.12,Medium,Check Cooling System,Warning
2026-08-09 10:23:05.486755,CONT_003,Dairy,Bengaluru,Pune,1.21,68.21,0.051,627.88,Medium,Check Cooling System,Warning
2026-08-09 10:23:06.496063,CONT_004,Fruits,Nagpur,Delhi,4.61,68.88,0.062,1215.79,Medium,Check Cooling System,Warning
2026-08-09 10:23:07.502645,CONT_001,Vaccines,Hyderabad,Chennai,4.58,71.18,0.067,249.02,Medium,Check Cooling System,Warning
2026-08-09 10:23:08.512339,CONT_003,Dairy,Bengaluru,Pune,3.72,71.22,0.042,483.01,Low,Continue Monitoring,Normal
2026-08-09 10:23:09.524822,CONT_004,Fruits,Nagpur,Delhi,6.84,87.75,0.067,54.63,Medium,Check Cooling System,Warning
2026-08-09 10:23:10.531947,CONT_004,Fruits,Nagpur,Delhi,10.63,88.51,0.018,434.97,High,Immediate Inspection,Critical
2026-08-09 10:23:11.537496,CONT_003,Dairy,Bengaluru,Pune,4.48,86.48,0.036,689.88,Low,Continue Monitoring,Normal
2026-08-09 10:23:12.544848,CONT_004,Fruits,Nagpur,Delhi,7.16,71.11,0.072,1140.03,Medium,Check Cooling System,Warning
2026-08-09 10:23:13.551150,CONT_001,Vaccines,Hyderabad,Chennai,7.44,78.13,0.092,158.27,High,Immediate Inspection,Critical
2026-08-09 10:23:14.558132,CONT_004,Fruits,Nagpur,Delhi,4.19,74.4,0.073,1107.57,Medium,Check Cooling System,Warning
2026-08-09 10:23:15.564396,CONT_004,Fruits,Nagpur,Delhi,9.33,81.3,0.087,628.42,High,Immediate Inspection,Critical
2026-08-09 10:23:16.570173,CONT_003,Dairy,Bengaluru,Pune,1.58,69.9,0.018,566.67,Low,Continue Monitoring,Normal
2026-08-09 10:23:17.578380,CONT_004,Fruits,Nagpur,Delhi,11.54,75.77,0.061,41.55,High,Immediate Inspection,Critical
2026-08-09 10:23:18.585869,CONT_004,Fruits,Nagpur,Delhi,8.1,81.87,0.05,633.89,High,Immediate Inspection,Critical
2026-08-09 10:23:19.589593,CONT_004,Fruits,Nagpur,Delhi,11.35,74.25,0.058,108.03,High,Immediate Inspection,Critical
2026-08-09 10:23:20.596774,CONT_001,Vaccines,Hyderabad,Chennai,7.38,69.32,0.029,736.61,Medium,Check Cooling System,Warning
2026-08-09 10:23:21.607804,CONT_001,Vaccines,Hyderabad,Chennai,2.19,74.68,0.093,464.84,High,Immediate Inspection,Critical
2026-08-09 10:23:22.629889,CONT_002,Seafood,Vizag,Mumbai,0.45,81.3,0.073,108.14,Medium,Check Cooling System,Warning
2026-08-09 10:23:23.636740,CONT_001,Vaccines,Hyderabad,Chennai,6.1,66.6,0.059,336.19,Medium,Check Cooling System,Warning
2026-08-09 10:23:24.643199,CONT_004,Fruits,Nagpur,Delhi,6.32,69.73,0.067,170.98,Medium,Check Cooling System,Warning
2026-08-09 10:23:25.649543,CONT_002,Seafood,Vizag,Mumbai,-0.71,87.54,0.058,1079.93,Medium,Check Cooling System,Warning
2026-08-09 10:23:26.656310,CONT_001,Vaccines,Hyderabad,Chennai,3.69,83.59,0.062,1366.14,Medium,Check Cooling System,Warning
2026-08-09 10:23:27.662140,CONT_004,Fruits,Nagpur,Delhi,9.0,84.76,0.036,413.84,High,Immediate Inspection,Critical
2026-08-09 10:23:28.668305,CONT_002,Seafood,Vizag,Mumbai,-0.07,74.69,0.075,484.27,Medium,Check Cooling System,Warning
2026-08-09 10:23:29.676264,CONT_002,Seafood,Vizag,Mumbai,-1.08,88.92,0.019,826.1,Low,Continue Monitoring,Normal
2026-08-09 10:23:30.682941,CONT_002,Seafood,Vizag,Mumbai,3.15,65.48,0.081,1185.22,High,Immediate Inspection,Critical
2026-08-09 10:23:31.689689,CONT_003,Dairy,Bengaluru,Pune,4.03,86.72,0.02,345.68,Low,Continue Monitoring,Normal
2026-08-09 10:23:32.699390,CONT_001,Vaccines,Hyderabad,Chennai,5.61,86.86,0.08,89.31,Medium,Check Cooling System,Warning
2026-08-09 10:23:33.706022,CONT_004,Fruits,Nagpur,Delhi,8.02,75.38,0.054,1180.05,High,Immediate Inspection,Critical
2026-08-09 10:23:34.712929,CONT_002,Seafood,Vizag,Mumbai,2.94,72.89,0.055,1131.68,Medium,Check Cooling System,Warning
2026-08-09 10:23:35.720384,CONT_004,Fruits,Nagpur,Delhi,10.76,67.08,0.058,232.62,High,Immediate Inspection,Critical
2026-08-09 10:23:36.726440,CONT_003,Dairy,Bengaluru,Pune,4.99,72.75,0.051,159.55,Medium,Check Cooling System,Warning
2026-08-09 10:23:37.732155,CONT_002,Seafood,Vizag,Mumbai,0.62,82.16,0.013,161.71,Low,Continue Monitoring,Normal
2026-08-09 10:23:38.738195,CONT_003,Dairy,Bengaluru,Pune,2.26,61.94,0.011,820.73,Low,Continue Monitoring,Normal
2026-08-09 10:23:39.750115,CONT_004,Fruits,Nagpur,Delhi,4.06,87.89,0.067,1456.25,Medium,Check Cooling System,Warning
2026-08-09 10:23:40.756883,CONT_004,Fruits,Nagpur,Delhi,9.59,72.28,0.037,1326.1,High,Immediate Inspection,Critical
2026-08-09 10:23:41.763262,CONT_001,Vaccines,Hyderabad,Chennai,7.9,60.56,0.057,770.47,Medium,Check Cooling System,Warning
2026-08-09 10:23:42.772477,CONT_004,Fruits,Nagpur,Delhi,8.21,81.81,0.037,374.38,High,Immediate Inspection,Critical
2026-08-09 10:23:43.783954,CONT_001,Vaccines,Hyderabad,Chennai,3.67,85.29,0.038,597.96,Low,Continue Monitoring,Normal
2026-08-09 10:23:44.791588,CONT_003,Dairy,Bengaluru,Pune,2.46,69.23,0.05,999.81,Low,Continue Monitoring,Normal
2026-08-09 10:23:45.796494,CONT_001,Vaccines,Hyderabad,Chennai,5.29,66.66,0.074,1471.53,Medium,Check Cooling System,Warning
2026-08-09 10:23:46.803687,CONT_004,Fruits,Nagpur,Delhi,7.08,72.81,0.042,870.16,Medium,Check Cooling System,Warning
2026-08-09 10:23:47.815265,CONT_002,Seafood,Vizag,Mumbai,2.04,85.84,0.099,1497.11,High,Immediate Inspection,Critical
2026-08-09 10:23:48.822532,CONT_004,Fruits,Nagpur,Delhi,7.71,60.93,0.069,120.91,Medium,Check Cooling System,Warning
2026-08-09 10:23:49.829996,CONT_002,Seafood,Vizag,Mumbai,0.18,76.71,0.095,171.78,High,Immediate Inspection,Critical
2026-08-09 10:23:50.836550,CONT_002,Seafood,Vizag,Mumbai,-0.39,66.27,0.056,93.12,Medium,Check Cooling System,Warning
2026-08-09 10:23:51.843251,CONT_001,Vaccines,Hyderabad,Chennai,5.61,72.37,0.099,797.21,High,Immediate Inspection,Critical
2026-08-09 10:23:52.850668,CONT_004,Fruits,Nagpur,Delhi,11.62,88.79,0.032,287.77,High,Immediate Inspection,Critical
2026-08-09 10:23:53.857246,CONT_001,Vaccines,Hyderabad,Chennai,5.94,83.17,0.063,1080.51,Medium,Check Cooling System,Warning
2026-08-09 10:23:54.863665,CONT_001,Vaccines,Hyderabad,Chennai,4.87,78.94,0.053,1157.14,Medium,Check Cooling System,Warning
2026-08-09 10:23:55.870651,CONT_002,Seafood,Vizag,Mumbai,-0.84,84.93,0.097,271.97,High,Immediate Inspection,Critical
2026-08-09 10:23:56.877459,CONT_002,Seafood,Vizag,Mumbai,2.12,78.55,0.044,882.21,Low,Continue Monitoring,Normal
2026-08-09 10:23:57.884785,CONT_003,Dairy,Bengaluru,Pune,4.25,67.4,0.048,802.66,Low,Continue Monitoring,Normal
2026-08-09 10:23:58.891304,CONT_002,Seafood,Vizag,Mumbai,-0.52,67.61,0.075,538.28,Medium,Check Cooling System,Warning
2026-08-09 10:23:59.897967,CONT_001,Vaccines,Hyderabad,Chennai,5.67,80.04,0.037,132.67,Medium,Check Cooling System,Warning
2026-08-09 10:24:00.903625,CONT_002,Seafood,Vizag,Mumbai,3.17,65.27,0.043,1007.73,Low,Continue Monitoring,Normal
2026-08-09 10:24:01.910490,CONT_002,Seafood,Vizag,Mumbai,-1.54,89.09,0.014,712.94,Low,Continue Monitoring,Normal
2026-08-09 10:24:02.916395,CONT_004,Fruits,Nagpur,Delhi,10.48,89.56,0.087,231.96,High,Immediate Inspection,Critical
2026-08-09 10:24:03.925473,CONT_002,Seafood,Vizag,Mumbai,-0.82,83.85,0.057,872.07,Medium,Check Cooling System,Warning
2026-08-09 10:24:04.931211,CONT_002,Seafood,Vizag,Mumbai,-1.65,89.81,0.03,771.85,Low,Continue Monitoring,Normal
2026-08-09 10:24:05.937822,CONT_003,Dairy,Bengaluru,Pune,1.11,77.61,0.078,1208.48,Medium,Check Cooling System,Warning
2026-08-09 10:24:06.944466,CONT_002,Seafood,Vizag,Mumbai,0.4,67.72,0.042,543.26,Low,Continue Monitoring,Normal
2026-08-09 10:24:07.951189,CONT_002,Seafood,Vizag,Mumbai,1.59,77.55,0.079,1042.42,Medium,Check Cooling System,Warning
2026-08-09 10:24:08.957692,CONT_004,Fruits,Nagpur,Delhi,7.61,83.09,0.052,336.73,Medium,Check Cooling System,Warning
2026-08-09 10:24:09.964616,CONT_004,Fruits,Nagpur,Delhi,8.16,61.3,0.069,176.15,High,Immediate Inspection,Critical
2026-08-09 10:24:10.972587,CONT_001,Vaccines,Hyderabad,Chennai,3.56,87.54,0.016,246.41,Low,Continue Monitoring,Normal
2026-08-09 10:24:11.979270,CONT_004,Fruits,Nagpur,Delhi,11.3,77.6,0.049,956.51,High,Immediate Inspection,Critical
2026-08-09 10:24:12.985598,CONT_003,Dairy,Bengaluru,Pune,3.46,65.62,0.022,758.75,Low,Continue Monitoring,Normal
2026-08-09 10:24:13.992272,CONT_001,Vaccines,Hyderabad,Chennai,5.41,88.57,0.062,1376.71,Medium,Check Cooling System,Warning
2026-08-09 10:24:14.999256,CONT_001,Vaccines,Hyderabad,Chennai,6.37,85.49,0.09,582.17,High,Immediate Inspection,Critical
2026-08-09 10:24:16.008192,CONT_003,Dairy,Bengaluru,Pune,1.0,69.44,0.043,253.78,Low,Continue Monitoring,Normal
2026-08-09 10:24:17.016472,CONT_001,Vaccines,Hyderabad,Chennai,6.7,82.53,0.092,1200.94,High,Immediate Inspection,Critical
2026-08-09 10:24:18.023682,CONT_002,Seafood,Vizag,Mumbai,-1.94,65.5,0.031,756.19,Low,Continue Monitoring,Normal
2026-08-09 10:24:19.030753,CONT_004,Fruits,Nagpur,Delhi,7.54,63.91,0.066,1301.59,Medium,Check Cooling System,Warning
2026-08-09 10:24:20.037574,CONT_004,Fruits,Nagpur,Delhi,11.64,86.37,0.045,845.87,High,Immediate Inspection,Critical
2026-08-09 10:24:21.044880,CONT_002,Seafood,Vizag,Mumbai,0.33,81.69,0.025,219.32,Low,Continue Monitoring,Normal
2026-08-09 10:24:22.051597,CONT_002,Seafood,Vizag,Mumbai,-1.43,86.76,0.055,286.09,Medium,Check Cooling System,Warning
2026-08-09 10:24:23.060377,CONT_003,Dairy,Bengaluru,Pune,1.96,79.59,0.07,668.69,Medium,Check Cooling System,Warning
2026-08-09 10:24:24.066243,CONT_002,Seafood,Vizag,Mumbai,3.03,86.29,0.04,158.98,Low,Continue Monitoring,Normal
2026-08-09 10:24:25.073778,CONT_004,Fruits,Nagpur,Delhi,5.91,75.46,0.079,1112.22,Medium,Check Cooling System,Warning
2026-08-09 10:24:26.078471,CONT_004,Fruits,Nagpur,Delhi,4.49,88.75,0.077,1313.14,Medium,Check Cooling System,Warning
2026-08-09 10:24:27.086791,CONT_001,Vaccines,Hyderabad,Chennai,2.0,61.0,0.068,993.42,Medium,Check Cooling System,Warning
2026-08-09 10:24:28.094183,CONT_003,Dairy,Bengaluru,Pune,2.53,66.76,0.033,321.54,Low,Continue Monitoring,Normal
2026-08-09 10:24:29.100412,CONT_001,Vaccines,Hyderabad,Chennai,7.89,74.22,0.095,198.44,High,Immediate Inspection,Critical
2026-08-09 10:24:30.108381,CONT_003,Dairy,Bengaluru,Pune,2.03,85.84,0.049,1397.45,Low,Continue Monitoring,Normal
2026-08-09 10:24:31.114992,CONT_004,Fruits,Nagpur,Delhi,5.67,76.56,0.033,360.44,Medium,Check Cooling System,Warning
2026-08-09 10:24:32.122189,CONT_004,Fruits,Nagpur,Delhi,7.03,68.16,0.092,1434.26,High,Immediate Inspection,Critical
2026-08-09 10:24:33.123566,CONT_002,Seafood,Vizag,Mumbai,-1.67,80.71,0.041,811.64,Low,Continue Monitoring,Normal
2026-08-09 10:24:34.134855,CONT_004,Fruits,Nagpur,Delhi,11.44,61.24,0.014,253.38,High,Immediate Inspection,Critical
2026-08-09 10:24:35.142593,CONT_003,Dairy,Bengaluru,Pune,3.92,81.18,0.01,129.06,Low,Continue Monitoring,Normal
2026-08-09 10:24:36.148112,CONT_004,Fruits,Nagpur,Delhi,10.81,77.5,0.024,991.96,High,Immediate Inspection,Critical
2026-08-09 10:24:37.155113,CONT_002,Seafood,Vizag,Mumbai,1.97,87.55,0.039,557.27,Low,Continue Monitoring,Normal
2026-08-09 10:24:38.161802,CONT_004,Fruits,Nagpur,Delhi,9.41,66.14,0.023,1424.73,High,Immediate Inspection,Critical
2026-08-09 10:24:39.168898,CONT_003,Dairy,Bengaluru,Pune,1.4,69.04,0.065,29.42,Medium,Check Cooling System,Warning
2026-08-09 10:24:40.175704,CONT_003,Dairy,Bengaluru,Pune,1.83,75.91,0.035,337.39,Low,Continue Monitoring,Normal
2026-08-09 10:24:41.180747,CONT_004,Fruits,Nagpur,Delhi,4.38,68.57,0.044,1065.87,Low,Continue Monitoring,Normal
2026-08-09 10:24:42.189291,CONT_002,Seafood,Vizag,Mumbai,2.37,87.77,0.078,1019.26,Medium,Check Cooling System,Warning
2026-08-09 10:24:43.195780,CONT_003,Dairy,Bengaluru,Pune,3.44,65.56,0.073,212.75,Medium,Check Cooling System,Warning
2026-08-09 10:24:44.197564,CONT_003,Dairy,Bengaluru,Pune,4.85,77.52,0.022,1284.64,Low,Continue Monitoring,Normal
2026-08-09 10:24:45.207755,CONT_003,Dairy,Bengaluru,Pune,1.18,65.05,0.072,976.99,Medium,Check Cooling System,Warning
2026-08-09 10:24:46.215567,CONT_003,Dairy,Bengaluru,Pune,4.25,89.4,0.012,475.58,Low,Continue Monitoring,Normal
2026-08-09 10:24:47.222416,CONT_003,Dairy,Bengaluru,Pune,2.35,74.4,0.063,68.46,Medium,Check Cooling System,Warning
2026-08-09 10:24:48.229079,CONT_003,Dairy,Bengaluru,Pune,3.2,63.8,0.087,1170.6,High,Immediate Inspection,Critical
2026-08-09 10:24:49.244149,CONT_002,Seafood,Vizag,Mumbai,3.2,65.9,0.015,1121.59,Low,Continue Monitoring,Normal
2026-08-09 10:24:50.250994,CONT_004,Fruits,Nagpur,Delhi,7.31,69.34,0.031,1433.36,Medium,Check Cooling System,Warning
2026-08-09 10:24:51.257989,CONT_003,Dairy,Bengaluru,Pune,3.95,65.86,0.087,875.92,High,Immediate Inspection,Critical
2026-08-09 10:24:52.262725,CONT_002,Seafood,Vizag,Mumbai,3.64,70.89,0.086,117.61,High,Immediate Inspection,Critical
2026-08-09 10:24:53.270186,CONT_003,Dairy,Bengaluru,Pune,4.74,71.67,0.049,116.89,Low,Continue Monitoring,Normal
2026-08-09 10:24:54.277909,CONT_001,Vaccines,Hyderabad,Chennai,6.09,75.3,0.045,1325.19,Medium,Check Cooling System,Warning
2026-08-09 10:24:55.284992,CONT_004,Fruits,Nagpur,Delhi,5.52,74.01,0.056,921.82,Medium,Check Cooling System,Warning
2026-08-09 10:24:56.292352,CONT_004,Fruits,Nagpur,Delhi,8.32,61.59,0.07,517.69,High,Immediate Inspection,Critical
2026-08-09 10:24:57.300614,CONT_004,Fruits,Nagpur,Delhi,7.35,84.85,0.031,1434.2,Medium,Check Cooling System,Warning
2026-08-09 10:24:58.306917,CONT_001,Vaccines,Hyderabad,Chennai,3.44,76.61,0.073,1255.11,Medium,Check Cooling System,Warning
2026-08-09 10:24:59.313730,CONT_001,Vaccines,Hyderabad,Chennai,6.58,67.68,0.02,688.07,Medium,Check Cooling System,Warning
2026-08-09 10:25:00.317395,CONT_003,Dairy,Bengaluru,Pune,2.61,68.97,0.031,413.39,Low,Continue Monitoring,Normal
2026-08-09 10:25:01.327608,CONT_004,Fruits,Nagpur,Delhi,11.3,68.95,0.046,1327.08,High,Immediate Inspection,Critical
2026-08-09 10:25:02.333679,CONT_002,Seafood,Vizag,Mumbai,1.37,70.5,0.027,1471.1,Low,Continue Monitoring,Normal
2026-08-09 10:25:03.340999,CONT_001,Vaccines,Hyderabad,Chennai,5.52,65.02,0.034,151.52,Medium,Check Cooling System,Warning
2026-08-09 10:25:04.347608,CONT_004,Fruits,Nagpur,Delhi,10.61,85.52,0.014,609.79,High,Immediate Inspection,Critical
2026-08-09 10:25:05.354987,CONT_002,Seafood,Vizag,Mumbai,2.97,82.23,0.047,1255.76,Low,Continue Monitoring,Normal
2026-08-09 10:25:06.360671,CONT_004,Fruits,Nagpur,Delhi,8.22,85.45,0.068,1414.1,High,Immediate Inspection,Critical
2026-08-09 10:25:07.369929,CONT_004,Fruits,Nagpur,Delhi,10.27,88.74,0.039,886.3,High,Immediate Inspection,Critical
2026-08-09 10:25:08.376111,CONT_004,Fruits,Nagpur,Delhi,5.11,73.45,0.076,496.13,Medium,Check Cooling System,Warning
2026-08-09 10:25:09.383497,CONT_001,Vaccines,Hyderabad,Chennai,6.74,69.34,0.017,441.91,Medium,Check Cooling System,Warning
2026-08-09 10:25:10.391743,CONT_002,Seafood,Vizag,Mumbai,-0.93,83.52,0.042,1099.7,Low,Continue Monitoring,Normal
2026-08-09 10:25:11.401690,CONT_002,Seafood,Vizag,Mumbai,0.6,85.2,0.084,735.95,High,Immediate Inspection,Critical
2026-08-09 10:25:12.407868,CONT_004,Fruits,Nagpur,Delhi,9.47,86.32,0.08,43.59,High,Immediate Inspection,Critical
2026-08-09 10:25:13.415653,CONT_002,Seafood,Vizag,Mumbai,3.52,61.18,0.082,1187.56,High,Immediate Inspection,Critical
2026-08-09 10:25:14.425035,CONT_004,Fruits,Nagpur,Delhi,6.61,65.8,0.013,409.0,Medium,Check Cooling System,Warning
2026-08-09 10:25:15.430634,CONT_004,Fruits,Nagpur,Delhi,10.7,71.57,0.074,1279.28,High,Immediate Inspection,Critical
2026-08-09 10:25:16.437390,CONT_004,Fruits,Nagpur,Delhi,5.62,79.67,0.057,52.07,Medium,Check Cooling System,Warning
2026-08-09 10:25:17.443237,CONT_004,Fruits,Nagpur,Delhi,10.32,89.37,0.099,464.94,High,Immediate Inspection,Critical
2026-08-09 10:25:18.451674,CONT_001,Vaccines,Hyderabad,Chennai,2.85,67.19,0.051,249.52,Medium,Check Cooling System,Warning
2026-08-09 10:25:19.458464,CONT_001,Vaccines,Hyderabad,Chennai,2.98,89.92,0.056,210.71,Medium,Check Cooling System,Warning
2026-08-09 10:25:20.465185,CONT_002,Seafood,Vizag,Mumbai,0.89,73.77,0.063,494.24,Medium,Check Cooling System,Warning
2026-08-09 10:25:21.472341,CONT_001,Vaccines,Hyderabad,Chennai,7.92,80.48,0.099,574.61,High,Immediate Inspection,Critical
2026-08-09 10:25:22.478372,CONT_002,Seafood,Vizag,Mumbai,0.03,89.84,0.011,451.55,Low,Continue Monitoring,Normal
2026-08-09 10:25:23.484122,CONT_003,Dairy,Bengaluru,Pune,2.67,64.22,0.033,421.71,Low,Continue Monitoring,Normal
2026-08-09 10:25:24.487495,CONT_004,Fruits,Nagpur,Delhi,6.5,60.35,0.093,526.47,High,Immediate Inspection,Critical
2026-08-09 10:25:25.496914,CONT_001,Vaccines,Hyderabad,Chennai,7.48,78.43,0.011,796.54,Medium,Check Cooling System,Warning
2026-08-09 10:25:26.504494,CONT_001,Vaccines,Hyderabad,Chennai,4.94,69.43,0.051,193.43,Medium,Check Cooling System,Warning
2026-08-09 10:25:27.510395,CONT_003,Dairy,Bengaluru,Pune,1.26,73.25,0.035,1398.33,Low,Continue Monitoring,Normal
2026-08-09 10:25:28.515306,CONT_002,Seafood,Vizag,Mumbai,3.28,62.87,0.068,901.0,Medium,Check Cooling System,Warning
2026-08-09 10:25:29.523678,CONT_002,Seafood,Vizag,Mumbai,2.83,72.71,0.07,972.38,Medium,Check Cooling System,Warning
2026-08-09 10:25:30.530722,CONT_001,Vaccines,Hyderabad,Chennai,6.16,81.31,0.08,1258.57,Medium,Check Cooling System,Warning
2026-08-09 10:25:31.532034,CONT_002,Seafood,Vizag,Mumbai,-1.54,89.84,0.082,31.4,High,Immediate Inspection,Critical
2026-08-09 10:25:32.539976,CONT_004,Fruits,Nagpur,Delhi,6.38,77.73,0.06,952.69,Medium,Check Cooling System,Warning
2026-08-09 10:25:33.552100,CONT_004,Fruits,Nagpur,Delhi,5.18,73.78,0.036,121.85,Medium,Check Cooling System,Warning
2026-08-09 10:25:34.558696,CONT_004,Fruits,Nagpur,Delhi,5.09,81.09,0.041,457.66,Medium,Check Cooling System,Warning
2026-08-09 10:25:35.565700,CONT_001,Vaccines,Hyderabad,Chennai,5.71,88.32,0.074,568.02,Medium,Check Cooling System,Warning
2026-08-09 10:25:36.571778,CONT_001,Vaccines,Hyderabad,Chennai,5.76,64.9,0.069,476.14,Medium,Check Cooling System,Warning
2026-08-09 10:25:37.582362,CONT_002,Seafood,Vizag,Mumbai,1.7,84.46,0.048,1329.51,Low,Continue Monitoring,Normal
2026-08-09 10:25:38.588861,CONT_001,Vaccines,Hyderabad,Chennai,4.17,70.92,0.083,146.84,High,Immediate Inspection,Critical
2026-08-09 10:25:39.595949,CONT_001,Vaccines,Hyderabad,Chennai,3.98,82.4,0.046,400.08,Low,Continue Monitoring,Normal
2026-08-09 10:25:40.603241,CONT_002,Seafood,Vizag,Mumbai,0.28,74.53,0.087,1183.64,High,Immediate Inspection,Critical
2026-08-09 10:25:41.609482,CONT_004,Fruits,Nagpur,Delhi,11.76,83.39,0.095,102.4,High,Immediate Inspection,Critical
2026-08-09 10:25:42.616616,CONT_001,Vaccines,Hyderabad,Chennai,3.45,70.35,0.058,1156.52,Medium,Check Cooling System,Warning
2026-08-09 10:25:43.622226,CONT_003,Dairy,Bengaluru,Pune,4.5,83.42,0.059,1086.03,Medium,Check Cooling System,Warning
2026-08-09 10:25:44.629321,CONT_002,Seafood,Vizag,Mumbai,-1.41,66.27,0.057,147.09,Medium,Check Cooling System,Warning
2026-08-09 10:25:45.636231,CONT_002,Seafood,Vizag,Mumbai,-0.46,69.86,0.057,258.52,Medium,Check Cooling System,Warning
2026-08-09 10:25:46.644360,CONT_001,Vaccines,Hyderabad,Chennai,3.6,69.51,0.036,307.47,Low,Continue Monitoring,Normal
2026-08-09 10:25:47.652102,CONT_003,Dairy,Bengaluru,Pune,4.14,74.22,0.022,1242.6,Low,Continue Monitoring,Normal
2026-08-09 10:25:48.659090,CONT_004,Fruits,Nagpur,Delhi,11.79,67.31,0.011,804.68,High,Immediate Inspection,Critical
2026-08-09 10:25:49.665609,CONT_002,Seafood,Vizag,Mumbai,0.4,64.61,0.019,729.76,Low,Continue Monitoring,Normal
2026-08-09 10:25:50.672705,CONT_001,Vaccines,Hyderabad,Chennai,3.26,74.34,0.095,593.16,High,Immediate Inspection,Critical
2026-08-09 10:25:51.679173,CONT_001,Vaccines,Hyderabad,Chennai,7.71,88.44,0.037,395.23,Medium,Check Cooling System,Warning
2026-08-09 10:25:52.685831,CONT_002,Seafood,Vizag,Mumbai,0.95,80.48,0.055,806.77,Medium,Check Cooling System,Warning
2026-08-09 10:25:53.692499,CONT_004,Fruits,Nagpur,Delhi,6.36,79.94,0.081,731.06,High,Immediate Inspection,Critical
2026-08-09 10:25:54.701055,CONT_004,Fruits,Nagpur,Delhi,4.75,61.17,0.077,1338.22,Medium,Check Cooling System,Warning
2026-08-09 10:25:55.707271,CONT_001,Vaccines,Hyderabad,Chennai,5.9,68.12,0.035,1175.68,Medium,Check Cooling System,Warning
2026-08-09 10:25:56.713896,CONT_003,Dairy,Bengaluru,Pune,4.86,81.22,0.019,1289.94,Low,Continue Monitoring,Normal
2026-08-09 10:25:57.719679,CONT_001,Vaccines,Hyderabad,Chennai,2.88,64.16,0.084,975.71,High,Immediate Inspection,Critical
2026-08-09 10:25:58.725669,CONT_003,Dairy,Bengaluru,Pune,3.5,76.94,0.057,1266.98,Medium,Check Cooling System,Warning
2026-08-09 10:25:59.732719,CONT_004,Fruits,Nagpur,Delhi,11.49,71.45,0.073,1488.27,High,Immediate Inspection,Critical
2026-08-09 10:26:00.739124,CONT_003,Dairy,Bengaluru,Pune,3.96,60.0,0.062,596.24,Medium,Check Cooling System,Warning
2026-08-09 10:26:01.749797,CONT_003,Dairy,Bengaluru,Pune,4.51,88.85,0.098,28.88,High,Immediate Inspection,Critical
2026-08-09 10:26:02.758540,CONT_004,Fruits,Nagpur,Delhi,11.63,69.44,0.068,1055.91,High,Immediate Inspection,Critical
2026-08-09 10:26:03.762036,CONT_003,Dairy,Bengaluru,Pune,2.85,89.95,0.034,1375.36,Low,Continue Monitoring,Normal
2026-08-09 10:26:04.771339,CONT_002,Seafood,Vizag,Mumbai,-1.71,72.06,0.084,1304.9,High,Immediate Inspection,Critical
2026-08-09 10:26:05.780700,CONT_003,Dairy,Bengaluru,Pune,2.43,88.24,0.031,88.82,Low,Continue Monitoring,Normal
2026-08-09 10:26:06.787697,CONT_001,Vaccines,Hyderabad,Chennai,3.11,64.98,0.063,440.18,Medium,Check Cooling System,Warning
2026-08-09 10:26:07.792569,CONT_003,Dairy,Bengaluru,Pune,2.21,72.92,0.068,1169.46,Medium,Check Cooling System,Warning
2026-08-09 10:26:08.800211,CONT_004,Fruits,Nagpur,Delhi,9.99,84.37,0.033,41.48,High,Immediate Inspection,Critical
2026-08-09 10:26:09.807276,CONT_001,Vaccines,Hyderabad,Chennai,7.28,65.22,0.015,1256.07,Medium,Check Cooling System,Warning
2026-08-09 10:26:10.812912,CONT_002,Seafood,Vizag,Mumbai,-0.75,78.63,0.054,333.36,Medium,Check Cooling System,Warning
2026-08-09 10:26:11.819184,CONT_001,Vaccines,Hyderabad,Chennai,7.82,60.52,0.061,426.29,Medium,Check Cooling System,Warning
2026-08-09 10:26:12.827958,CONT_003,Dairy,Bengaluru,Pune,1.87,79.1,0.08,101.28,Medium,Check Cooling System,Warning
2026-08-09 10:30:03.082174,CONT_001,Vaccines,Hyderabad,Chennai,3.46,80.13,0.082,1131.29,High,Immediate Inspection,Critical
2026-08-09 10:30:04.292130,CONT_001,Vaccines,Hyderabad,Chennai,3.26,82.68,0.041,506.63,Low,Continue Monitoring,Normal
2026-08-09 10:30:05.302508,CONT_003,Dairy,Bengaluru,Pune,3.95,66.1,0.012,431.81,Low,Continue Monitoring,Normal
2026-08-09 10:30:06.307781,CONT_003,Dairy,Bengaluru,Pune,2.94,66.33,0.048,161.68,Low,Continue Monitoring,Normal
2026-08-09 10:30:07.309656,CONT_003,Dairy,Bengaluru,Pune,1.75,88.6,0.049,1373.1,Low,Continue Monitoring,Normal
2026-08-09 10:30:08.320067,CONT_004,Fruits,Nagpur,Delhi,5.57,63.98,0.019,1051.01,Medium,Check Cooling System,Warning
2026-08-09 10:30:09.325853,CONT_002,Seafood,Vizag,Mumbai,2.19,66.37,0.047,927.96,Low,Continue Monitoring,Normal
2026-08-09 10:30:10.333095,CONT_004,Fruits,Nagpur,Delhi,4.53,89.17,0.067,932.75,Medium,Check Cooling System,Warning
2026-08-09 10:30:11.340123,CONT_001,Vaccines,Hyderabad,Chennai,7.2,88.56,0.077,1186.05,Medium,Check Cooling System,Warning
2026-08-09 10:30:12.346608,CONT_002,Seafood,Vizag,Mumbai,3.6,67.56,0.025,675.6,Low,Continue Monitoring,Normal
2026-08-09 10:30:13.353893,CONT_002,Seafood,Vizag,Mumbai,1.45,75.32,0.05,230.12,Low,Continue Monitoring,Normal
2026-08-09 10:30:14.360507,CONT_003,Dairy,Bengaluru,Pune,2.14,64.45,0.021,660.68,Low,Continue Monitoring,Normal
2026-08-09 10:31:10.106872,CONT_002,Seafood,Vizag,Mumbai,-0.26,82.1,0.064,1263.36,Medium,Check Cooling System,Warning
2026-08-09 10:31:11.114132,CONT_001,Vaccines,Hyderabad,Chennai,2.23,62.86,0.097,1285.29,High,Immediate Inspection,Critical
2026-08-09 10:31:12.115775,CONT_004,Fruits,Nagpur,Delhi,6.07,71.56,0.02,438.37,Medium,Check Cooling System,Warning
2026-08-09 10:31:13.129130,CONT_002,Seafood,Vizag,Mumbai,0.83,74.18,0.065,1349.78,Medium,Check Cooling System,Warning
2026-08-09 10:31:14.137924,CONT_001,Vaccines,Hyderabad,Chennai,5.27,72.53,0.072,241.79,Medium,Check Cooling System,Warning
2026-08-09 10:31:15.144605,CONT_004,Fruits,Nagpur,Delhi,11.44,61.47,0.072,1480.14,High,Immediate Inspection,Critical
2026-08-09 10:31:16.151014,CONT_002,Seafood,Vizag,Mumbai,-0.87,65.91,0.022,1287.97,Low,Continue Monitoring,Normal
2026-08-09 10:31:17.157558,CONT_003,Dairy,Bengaluru,Pune,1.47,65.16,0.032,503.62,Low,Continue Monitoring,Normal
2026-08-09 10:31:18.164760,CONT_004,Fruits,Nagpur,Delhi,6.61,80.34,0.057,562.46,Medium,Check Cooling System,Warning
2026-08-09 10:31:19.170696,CONT_001,Vaccines,Hyderabad,Chennai,7.98,80.84,0.013,755.13,Medium,Check Cooling System,Warning
2026-08-09 10:31:20.177798,CONT_004,Fruits,Nagpur,Delhi,11.93,83.47,0.084,713.62,High,Immediate Inspection,Critical
2026-08-09 10:31:21.183746,CONT_002,Seafood,Vizag,Mumbai,3.77,83.9,0.095,234.89,High,Immediate Inspection,Critical
2026-08-09 10:31:22.190812,CONT_002,Seafood,Vizag,Mumbai,1.56,78.43,0.044,1325.56,Low,Continue Monitoring,Normal
2026-08-09 10:31:23.197910,CONT_002,Seafood,Vizag,Mumbai,1.86,71.86,0.081,1305.0,High,Immediate Inspection,Critical
2026-08-09 10:31:24.203493,CONT_003,Dairy,Bengaluru,Pune,2.92,85.94,0.058,1215.8,Medium,Check Cooling System,Warning
2026-08-09 10:31:25.211330,CONT_004,Fruits,Nagpur,Delhi,11.34,84.44,0.035,856.05,High,Immediate Inspection,Critical
2026-08-09 10:31:26.218650,CONT_003,Dairy,Bengaluru,Pune,2.43,64.88,0.096,1197.1,High,Immediate Inspection,Critical
2026-08-09 10:31:27.226135,CONT_001,Vaccines,Hyderabad,Chennai,7.98,65.79,0.084,1454.92,High,Immediate Inspection,Critical
2026-08-09 10:31:28.231460,CONT_003,Dairy,Bengaluru,Pune,2.54,77.61,0.097,678.54,High,Immediate Inspection,Critical
2026-08-09 10:31:29.237580,CONT_002,Seafood,Vizag,Mumbai,3.48,66.68,0.063,142.34,Medium,Check Cooling System,Warning
2026-08-09 10:31:30.247662,CONT_002,Seafood,Vizag,Mumbai,1.43,62.56,0.013,131.1,Low,Continue Monitoring,Normal
2026-08-09 10:31:31.253672,CONT_003,Dairy,Bengaluru,Pune,1.3,80.97,0.073,446.49,Medium,Check Cooling System,Warning
2026-08-09 10:31:32.260746,CONT_001,Vaccines,Hyderabad,Chennai,7.9,83.33,0.073,215.89,Medium,Check Cooling System,Warning
2026-08-09 10:31:33.266580,CONT_001,Vaccines,Hyderabad,Chennai,2.45,67.32,0.044,1214.78,Low,Continue Monitoring,Normal
2026-08-09 10:31:34.274315,CONT_002,Seafood,Vizag,Mumbai,3.43,66.3,0.048,1413.28,Low,Continue Monitoring,Normal
2026-08-09 10:31:35.290557,CONT_004,Fruits,Nagpur,Delhi,11.35,80.96,0.099,390.75,High,Immediate Inspection,Critical
2026-08-09 10:31:36.298164,CONT_004,Fruits,Nagpur,Delhi,7.61,73.43,0.021,1409.19,Medium,Check Cooling System,Warning
2026-08-09 10:31:37.305563,CONT_002,Seafood,Vizag,Mumbai,0.54,75.18,0.083,1373.71,High,Immediate Inspection,Critical
2026-08-09 10:31:38.313050,CONT_001,Vaccines,Hyderabad,Chennai,7.56,88.57,0.094,260.44,High,Immediate Inspection,Critical
2026-08-09 10:31:39.322914,CONT_001,Vaccines,Hyderabad,Chennai,4.78,87.45,0.086,1010.48,High,Immediate Inspection,Critical
2026-08-09 10:31:40.329333,CONT_004,Fruits,Nagpur,Delhi,8.11,85.66,0.01,1036.41,High,Immediate Inspection,Critical
2026-08-09 10:31:41.336237,CONT_002,Seafood,Vizag,Mumbai,3.73,86.52,0.035,941.86,Low,Continue Monitoring,Normal
2026-08-09 10:31:42.346922,CONT_001,Vaccines,Hyderabad,Chennai,3.02,79.07,0.02,153.2,Low,Continue Monitoring,Normal
2026-08-09 10:31:43.355193,CONT_003,Dairy,Bengaluru,Pune,4.0,87.06,0.02,933.09,Low,Continue Monitoring,Normal
2026-08-09 10:31:44.361786,CONT_002,Seafood,Vizag,Mumbai,-0.31,81.26,0.053,1432.21,Medium,Check Cooling System,Warning
2026-08-09 10:31:45.368220,CONT_003,Dairy,Bengaluru,Pune,1.96,67.56,0.081,1367.39,High,Immediate Inspection,Critical
2026-08-09 10:31:46.374980,CONT_001,Vaccines,Hyderabad,Chennai,6.96,73.97,0.077,828.25,Medium,Check Cooling System,Warning
2026-08-09 10:31:47.383657,CONT_003,Dairy,Bengaluru,Pune,4.46,60.01,0.01,961.36,Low,Continue Monitoring,Normal
2026-08-09 10:31:48.390105,CONT_001,Vaccines,Hyderabad,Chennai,2.07,80.35,0.026,673.21,Low,Continue Monitoring,Normal
2026-08-09 10:31:49.397627,CONT_004,Fruits,Nagpur,Delhi,11.73,68.4,0.052,1434.52,High,Immediate Inspection,Critical
2026-08-09 10:31:50.403687,CONT_003,Dairy,Bengaluru,Pune,1.48,67.19,0.041,243.73,Low,Continue Monitoring,Normal
2026-08-09 10:31:51.410537,CONT_002,Seafood,Vizag,Mumbai,-1.71,73.9,0.042,591.18,Low,Continue Monitoring,Normal
2026-08-09 10:31:52.417524,CONT_003,Dairy,Bengaluru,Pune,2.04,80.58,0.033,491.18,Low,Continue Monitoring,Normal
2026-08-09 10:31:53.424008,CONT_002,Seafood,Vizag,Mumbai,-0.12,84.56,0.039,1110.46,Low,Continue Monitoring,Normal
2026-08-09 10:31:54.424981,CONT_003,Dairy,Bengaluru,Pune,3.54,87.81,0.014,88.41,Low,Continue Monitoring,Normal
2026-08-09 10:31:55.435509,CONT_004,Fruits,Nagpur,Delhi,7.63,86.35,0.07,1085.21,Medium,Check Cooling System,Warning
2026-08-09 10:31:56.443565,CONT_003,Dairy,Bengaluru,Pune,2.66,83.21,0.033,246.31,Low,Continue Monitoring,Normal
2026-08-09 10:31:57.452606,CONT_004,Fruits,Nagpur,Delhi,10.74,67.56,0.056,1257.51,High,Immediate Inspection,Critical
2026-08-09 10:31:58.459662,CONT_003,Dairy,Bengaluru,Pune,4.64,89.28,0.092,1133.62,High,Immediate Inspection,Critical
2026-08-09 10:31:59.466467,CONT_004,Fruits,Nagpur,Delhi,8.71,60.84,0.065,1422.05,High,Immediate Inspection,Critical
2026-08-09 10:32:00.473336,CONT_004,Fruits,Nagpur,Delhi,9.59,80.41,0.034,728.34,High,Immediate Inspection,Critical
2026-08-09 10:32:01.480319,CONT_002,Seafood,Vizag,Mumbai,2.03,88.13,0.053,191.87,Medium,Check Cooling System,Warning
2026-08-09 10:32:02.488778,CONT_004,Fruits,Nagpur,Delhi,6.25,83.45,0.068,745.84,Medium,Check Cooling System,Warning
2026-08-09 10:32:03.495062,CONT_002,Seafood,Vizag,Mumbai,3.13,79.23,0.093,559.58,High,Immediate Inspection,Critical
2026-08-09 10:32:04.502749,CONT_003,Dairy,Bengaluru,Pune,4.48,63.49,0.012,1047.84,Low,Continue Monitoring,Normal
2026-08-09 10:32:05.510059,CONT_004,Fruits,Nagpur,Delhi,8.58,77.03,0.068,58.82,High,Immediate Inspection,Critical
2026-08-09 10:32:06.512311,CONT_001,Vaccines,Hyderabad,Chennai,5.83,61.55,0.093,1135.29,High,Immediate Inspection,Critical
2026-08-09 10:32:07.523515,CONT_002,Seafood,Vizag,Mumbai,1.97,89.12,0.047,811.43,Low,Continue Monitoring,Normal
2026-08-09 10:32:08.531749,CONT_004,Fruits,Nagpur,Delhi,8.17,70.44,0.075,850.19,High,Immediate Inspection,Critical
2026-08-09 10:32:09.538967,CONT_001,Vaccines,Hyderabad,Chennai,4.19,79.13,0.065,1441.64,Medium,Check Cooling System,Warning
2026-08-09 10:32:10.544875,CONT_002,Seafood,Vizag,Mumbai,2.87,65.04,0.066,507.38,Medium,Check Cooling System,Warning
2026-08-09 10:32:11.551636,CONT_003,Dairy,Bengaluru,Pune,4.74,71.95,0.02,269.68,Low,Continue Monitoring,Normal
2026-08-09 10:32:12.560570,CONT_003,Dairy,Bengaluru,Pune,1.95,75.35,0.025,1160.3,Low,Continue Monitoring,Normal
2026-08-09 10:32:13.566481,CONT_004,Fruits,Nagpur,Delhi,4.47,83.91,0.01,694.38,Low,Continue Monitoring,Normal
2026-08-09 10:32:14.572988,CONT_003,Dairy,Bengaluru,Pune,3.27,60.69,0.09,654.48,High,Immediate Inspection,Critical
2026-08-09 10:32:15.579793,CONT_003,Dairy,Bengaluru,Pune,1.67,67.24,0.043,852.8,Low,Continue Monitoring,Normal
2026-08-09 10:32:16.584571,CONT_002,Seafood,Vizag,Mumbai,0.67,79.73,0.023,1079.27,Low,Continue Monitoring,Normal
2026-08-09 10:32:17.592342,CONT_003,Dairy,Bengaluru,Pune,2.72,71.73,0.069,429.41,Medium,Check Cooling System,Warning
2026-08-09 10:32:18.601823,CONT_001,Vaccines,Hyderabad,Chennai,5.58,78.86,0.025,1292.92,Medium,Check Cooling System,Warning
2026-08-09 10:32:19.607579,CONT_002,Seafood,Vizag,Mumbai,-0.95,78.82,0.032,524.15,Low,Continue Monitoring,Normal
2026-08-09 10:32:20.617116,CONT_001,Vaccines,Hyderabad,Chennai,4.89,66.03,0.08,53.65,Medium,Check Cooling System,Warning
2026-08-09 10:32:21.628688,CONT_001,Vaccines,Hyderabad,Chennai,2.37,75.33,0.08,387.17,Medium,Check Cooling System,Warning
2026-08-09 10:32:22.637889,CONT_004,Fruits,Nagpur,Delhi,5.36,75.47,0.016,1332.49,Medium,Check Cooling System,Warning
2026-08-09 10:32:23.643909,CONT_004,Fruits,Nagpur,Delhi,10.86,68.31,0.03,301.39,High,Immediate Inspection,Critical
2026-08-09 10:32:24.651191,CONT_003,Dairy,Bengaluru,Pune,2.27,69.46,0.031,1147.03,Low,Continue Monitoring,Normal
2026-08-09 10:32:25.657265,CONT_004,Fruits,Nagpur,Delhi,8.44,83.66,0.094,576.37,High,Immediate Inspection,Critical
2026-08-09 10:32:26.662560,CONT_002,Seafood,Vizag,Mumbai,2.4,82.09,0.065,873.16,Medium,Check Cooling System,Warning
2026-08-09 10:32:27.670487,CONT_004,Fruits,Nagpur,Delhi,9.51,60.31,0.096,682.35,High,Immediate Inspection,Critical
2026-08-09 10:32:28.676442,CONT_002,Seafood,Vizag,Mumbai,3.75,89.03,0.083,787.73,High,Immediate Inspection,Critical
2026-08-09 10:32:29.683843,CONT_001,Vaccines,Hyderabad,Chennai,4.58,82.94,0.046,32.18,Low,Continue Monitoring,Normal
2026-08-09 10:32:30.689870,CONT_001,Vaccines,Hyderabad,Chennai,4.21,85.57,0.074,487.99,Medium,Check Cooling System,Warning
2026-08-09 10:32:31.695890,CONT_001,Vaccines,Hyderabad,Chennai,7.79,63.26,0.065,1071.7,Medium,Check Cooling System,Warning
2026-08-09 10:32:32.702701,CONT_002,Seafood,Vizag,Mumbai,-1.56,61.8,0.047,232.37,Low,Continue Monitoring,Normal
2026-08-09 10:32:33.710277,CONT_003,Dairy,Bengaluru,Pune,3.14,69.05,0.092,1099.05,High,Immediate Inspection,Critical
2026-08-09 10:32:34.717357,CONT_003,Dairy,Bengaluru,Pune,2.69,70.56,0.053,129.71,Medium,Check Cooling System,Warning
2026-08-09 10:32:35.724891,CONT_004,Fruits,Nagpur,Delhi,7.24,69.35,0.034,444.24,Medium,Check Cooling System,Warning
2026-08-09 10:32:36.732511,CONT_002,Seafood,Vizag,Mumbai,2.49,67.09,0.014,562.82,Low,Continue Monitoring,Normal
2026-08-09 10:32:37.739508,CONT_001,Vaccines,Hyderabad,Chennai,2.52,74.6,0.094,682.91,High,Immediate Inspection,Critical
2026-08-09 10:32:38.745813,CONT_001,Vaccines,Hyderabad,Chennai,5.58,61.44,0.086,44.37,High,Immediate Inspection,Critical
2026-08-09 10:32:39.752337,CONT_004,Fruits,Nagpur,Delhi,10.96,67.12,0.031,1047.8,High,Immediate Inspection,Critical
2026-08-09 10:32:40.758645,CONT_004,Fruits,Nagpur,Delhi,5.62,88.43,0.065,1021.4,Medium,Check Cooling System,Warning
2026-08-09 10:32:41.765480,CONT_004,Fruits,Nagpur,Delhi,10.87,72.59,0.052,465.92,High,Immediate Inspection,Critical
2026-08-09 10:32:42.771426,CONT_003,Dairy,Bengaluru,Pune,1.79,78.65,0.028,1325.79,Low,Continue Monitoring,Normal
2026-08-09 10:32:43.778654,CONT_003,Dairy,Bengaluru,Pune,3.74,71.26,0.059,1245.44,Medium,Check Cooling System,Warning
2026-08-09 10:32:44.784939,CONT_002,Seafood,Vizag,Mumbai,0.8,71.72,0.022,53.21,Low,Continue Monitoring,Normal
2026-08-09 10:32:45.791373,CONT_001,Vaccines,Hyderabad,Chennai,3.64,71.99,0.097,979.82,High,Immediate Inspection,Critical
2026-08-09 10:32:46.797774,CONT_001,Vaccines,Hyderabad,Chennai,4.18,62.29,0.038,1453.13,Low,Continue Monitoring,Normal
2026-08-09 10:32:47.800771,CONT_001,Vaccines,Hyderabad,Chennai,3.54,64.14,0.051,627.38,Medium,Check Cooling System,Warning
2026-08-09 10:32:48.810808,CONT_003,Dairy,Bengaluru,Pune,2.26,61.56,0.055,1346.39,Medium,Check Cooling System,Warning
2026-08-09 10:32:49.819552,CONT_001,Vaccines,Hyderabad,Chennai,6.15,79.12,0.06,498.77,Medium,Check Cooling System,Warning
2026-08-09 10:32:50.826816,CONT_001,Vaccines,Hyderabad,Chennai,5.59,75.46,0.024,804.15,Medium,Check Cooling System,Warning
2026-08-09 10:32:51.833163,CONT_002,Seafood,Vizag,Mumbai,0.51,88.73,0.026,607.8,Low,Continue Monitoring,Normal
2026-08-09 10:32:52.838208,CONT_002,Seafood,Vizag,Mumbai,0.15,60.9,0.062,825.76,Medium,Check Cooling System,Warning
2026-08-09 10:32:53.848517,CONT_004,Fruits,Nagpur,Delhi,5.23,88.72,0.095,1300.3,High,Immediate Inspection,Critical
2026-08-09 10:32:54.853736,CONT_001,Vaccines,Hyderabad,Chennai,4.91,73.02,0.061,1428.57,Medium,Check Cooling System,Warning
2026-08-09 10:32:55.860648,CONT_004,Fruits,Nagpur,Delhi,6.32,78.54,0.082,463.31,High,Immediate Inspection,Critical
2026-08-09 10:32:56.867674,CONT_001,Vaccines,Hyderabad,Chennai,5.71,88.27,0.029,74.58,Medium,Check Cooling System,Warning
2026-08-09 10:32:57.873206,CONT_004,Fruits,Nagpur,Delhi,5.84,75.86,0.04,594.9,Medium,Check Cooling System,Warning
2026-08-09 10:32:58.879598,CONT_002,Seafood,Vizag,Mumbai,0.73,67.27,0.065,688.28,Medium,Check Cooling System,Warning
2026-08-09 10:32:59.886563,CONT_002,Seafood,Vizag,Mumbai,-1.44,73.12,0.059,1273.85,Medium,Check Cooling System,Warning
2026-08-09 10:33:00.892647,CONT_003,Dairy,Bengaluru,Pune,4.34,81.25,0.068,826.37,Medium,Check Cooling System,Warning
2026-08-09 10:33:01.900575,CONT_004,Fruits,Nagpur,Delhi,4.07,82.21,0.08,668.15,Medium,Check Cooling System,Warning
2026-08-09 10:33:02.907530,CONT_001,Vaccines,Hyderabad,Chennai,5.65,87.18,0.047,1041.8,Medium,Check Cooling System,Warning
2026-08-09 10:33:03.912624,CONT_002,Seafood,Vizag,Mumbai,-1.51,83.57,0.095,440.12,High,Immediate Inspection,Critical
2026-08-09 10:33:04.919682,CONT_003,Dairy,Bengaluru,Pune,3.75,76.99,0.043,150.14,Low,Continue Monitoring,Normal
2026-08-09 10:33:05.929281,CONT_002,Seafood,Vizag,Mumbai,1.19,72.97,0.076,1460.65,Medium,Check Cooling System,Warning
2026-08-09 10:33:06.935958,CONT_001,Vaccines,Hyderabad,Chennai,3.01,80.33,0.017,589.62,Low,Continue Monitoring,Normal
2026-08-09 10:33:07.942245,CONT_002,Seafood,Vizag,Mumbai,0.42,66.53,0.034,885.31,Low,Continue Monitoring,Normal
2026-08-09 10:33:08.948497,CONT_003,Dairy,Bengaluru,Pune,4.22,83.7,0.017,1233.82,Low,Continue Monitoring,Normal
2026-08-09 10:33:09.950631,CONT_004,Fruits,Nagpur,Delhi,7.8,62.93,0.096,1373.0,High,Immediate Inspection,Critical
2026-08-09 10:33:10.960529,CONT_002,Seafood,Vizag,Mumbai,1.9,85.35,0.033,73.94,Low,Continue Monitoring,Normal
2026-08-09 10:33:11.966756,CONT_003,Dairy,Bengaluru,Pune,2.08,77.05,0.054,1027.12,Medium,Check Cooling System,Warning
2026-08-09 10:33:12.972593,CONT_002,Seafood,Vizag,Mumbai,2.99,67.27,0.085,851.12,High,Immediate Inspection,Critical
2026-08-09 10:33:13.978436,CONT_001,Vaccines,Hyderabad,Chennai,6.11,83.59,0.037,1401.85,Medium,Check Cooling System,Warning
2026-08-09 10:33:14.985844,CONT_004,Fruits,Nagpur,Delhi,4.53,82.52,0.011,1066.9,Low,Continue Monitoring,Normal
2026-08-09 10:33:15.991656,CONT_003,Dairy,Bengaluru,Pune,4.58,62.26,0.071,1018.41,Medium,Check Cooling System,Warning
2026-08-09 10:33:16.997711,CONT_002,Seafood,Vizag,Mumbai,-1.96,80.5,0.062,64.4,Medium,Check Cooling System,Warning
2026-08-09 10:33:18.003730,CONT_004,Fruits,Nagpur,Delhi,7.63,73.16,0.074,788.91,Medium,Check Cooling System,Warning
2026-08-09 10:33:19.010547,CONT_002,Seafood,Vizag,Mumbai,1.26,75.81,0.017,975.31,Low,Continue Monitoring,Normal
2026-08-09 10:33:20.015487,CONT_004,Fruits,Nagpur,Delhi,10.89,83.1,0.085,738.88,High,Immediate Inspection,Critical
2026-08-09 10:33:21.022577,CONT_001,Vaccines,Hyderabad,Chennai,6.02,66.13,0.031,69.59,Medium,Check Cooling System,Warning
2026-08-09 10:33:22.028451,CONT_004,Fruits,Nagpur,Delhi,6.65,62.96,0.094,1244.7,High,Immediate Inspection,Critical
2026-08-09 10:33:23.034988,CONT_002,Seafood,Vizag,Mumbai,3.86,77.71,0.047,358.78,Low,Continue Monitoring,Normal
2026-08-09 10:33:24.042224,CONT_001,Vaccines,Hyderabad,Chennai,4.29,81.2,0.059,528.45,Medium,Check Cooling System,Warning
2026-08-09 10:33:25.049280,CONT_003,Dairy,Bengaluru,Pune,2.5,62.27,0.075,179.54,Medium,Check Cooling System,Warning
2026-08-09 10:33:26.054893,CONT_003,Dairy,Bengaluru,Pune,3.66,65.57,0.048,886.12,Low,Continue Monitoring,Normal
2026-08-09 10:33:27.059720,CONT_002,Seafood,Vizag,Mumbai,3.85,87.96,0.011,1269.43,Low,Continue Monitoring,Normal
2026-08-09 10:33:28.067014,CONT_002,Seafood,Vizag,Mumbai,0.87,89.66,0.05,322.46,Low,Continue Monitoring,Normal
2026-08-09 10:33:29.073332,CONT_003,Dairy,Bengaluru,Pune,4.88,79.42,0.011,201.69,Low,Continue Monitoring,Normal
2026-08-09 10:33:30.082576,CONT_002,Seafood,Vizag,Mumbai,3.16,66.82,0.056,1214.53,Medium,Check Cooling System,Warning
2026-08-09 10:33:31.088908,CONT_004,Fruits,Nagpur,Delhi,9.82,87.82,0.041,527.4,High,Immediate Inspection,Critical
2026-08-09 10:33:32.096977,CONT_002,Seafood,Vizag,Mumbai,1.35,73.5,0.064,104.22,Medium,Check Cooling System,Warning
2026-08-09 10:33:33.102451,CONT_003,Dairy,Bengaluru,Pune,4.53,66.38,0.052,1012.12,Medium,Check Cooling System,Warning
2026-08-09 10:33:34.104129,CONT_002,Seafood,Vizag,Mumbai,-0.59,61.33,0.085,726.88,High,Immediate Inspection,Critical
2026-08-09 10:33:35.115346,CONT_003,Dairy,Bengaluru,Pune,2.17,66.27,0.026,1347.88,Low,Continue Monitoring,Normal
2026-08-09 10:33:36.120561,CONT_002,Seafood,Vizag,Mumbai,1.89,88.54,0.095,764.31,High,Immediate Inspection,Critical
2026-08-09 10:33:37.126850,CONT_003,Dairy,Bengaluru,Pune,4.65,84.3,0.03,207.54,Low,Continue Monitoring,Normal
2026-08-09 10:33:38.131444,CONT_001,Vaccines,Hyderabad,Chennai,7.25,89.09,0.05,514.61,Medium,Check Cooling System,Warning
2026-08-09 10:33:39.136766,CONT_004,Fruits,Nagpur,Delhi,4.72,81.29,0.035,540.87,Low,Continue Monitoring,Normal
2026-08-09 10:33:40.145145,CONT_001,Vaccines,Hyderabad,Chennai,6.96,87.9,0.041,486.44,Medium,Check Cooling System,Warning
2026-08-09 10:33:41.152589,CONT_002,Seafood,Vizag,Mumbai,3.03,60.44,0.076,1113.04,Medium,Check Cooling System,Warning
2026-08-09 10:33:42.159452,CONT_001,Vaccines,Hyderabad,Chennai,2.33,63.29,0.063,204.21,Medium,Check Cooling System,Warning
2026-08-09 10:33:43.165916,CONT_002,Seafood,Vizag,Mumbai,-0.92,77.49,0.046,281.95,Low,Continue Monitoring,Normal
2026-08-09 10:33:44.171065,CONT_002,Seafood,Vizag,Mumbai,0.33,71.69,0.034,1375.81,Low,Continue Monitoring,Normal
2026-08-09 10:33:45.178153,CONT_003,Dairy,Bengaluru,Pune,1.75,77.68,0.09,54.12,High,Immediate Inspection,Critical
2026-08-09 10:33:46.184618,CONT_003,Dairy,Bengaluru,Pune,2.87,67.31,0.043,591.1,Low,Continue Monitoring,Normal
2026-08-09 10:33:47.190549,CONT_001,Vaccines,Hyderabad,Chennai,4.16,62.21,0.048,780.48,Low,Continue Monitoring,Normal
2026-08-09 10:33:48.197556,CONT_004,Fruits,Nagpur,Delhi,11.26,80.63,0.1,341.58,High,Immediate Inspection,Critical
2026-08-09 10:33:49.205926,CONT_002,Seafood,Vizag,Mumbai,2.0,61.58,0.035,401.47,Low,Continue Monitoring,Normal
2026-08-09 10:33:50.236269,CONT_004,Fruits,Nagpur,Delhi,5.77,86.31,0.091,691.63,High,Immediate Inspection,Critical
2026-08-09 10:33:51.247138,CONT_004,Fruits,Nagpur,Delhi,9.64,60.89,0.014,404.14,High,Immediate Inspection,Critical
2026-08-09 10:33:52.252797,CONT_003,Dairy,Bengaluru,Pune,1.53,84.48,0.083,1118.84,High,Immediate Inspection,Critical
2026-08-09 10:33:53.260401,CONT_002,Seafood,Vizag,Mumbai,3.49,87.42,0.067,726.14,Medium,Check Cooling System,Warning
2026-08-09 10:33:54.264438,CONT_002,Seafood,Vizag,Mumbai,3.18,83.0,0.053,1460.6,Medium,Check Cooling System,Warning
2026-08-09 10:33:55.273676,CONT_004,Fruits,Nagpur,Delhi,4.55,74.96,0.041,411.68,Low,Continue Monitoring,Normal
2026-08-09 10:33:56.280779,CONT_002,Seafood,Vizag,Mumbai,3.68,63.39,0.014,881.11,Low,Continue Monitoring,Normal
2026-08-09 10:33:57.287422,CONT_001,Vaccines,Hyderabad,Chennai,2.6,60.51,0.077,706.29,Medium,Check Cooling System,Warning
2026-08-09 10:33:58.293498,CONT_002,Seafood,Vizag,Mumbai,-0.99,69.97,0.029,220.25,Low,Continue Monitoring,Normal
2026-08-09 10:33:59.299759,CONT_002,Seafood,Vizag,Mumbai,2.04,74.91,0.048,1047.44,Low,Continue Monitoring,Normal
2026-08-09 10:34:00.307943,CONT_003,Dairy,Bengaluru,Pune,3.79,69.92,0.062,1142.15,Medium,Check Cooling System,Warning
2026-08-09 10:34:01.313685,CONT_002,Seafood,Vizag,Mumbai,-0.97,86.0,0.033,445.18,Low,Continue Monitoring,Normal
2026-08-09 10:34:02.321050,CONT_002,Seafood,Vizag,Mumbai,2.22,65.1,0.096,1076.41,High,Immediate Inspection,Critical
2026-08-09 10:34:03.326975,CONT_004,Fruits,Nagpur,Delhi,11.61,63.07,0.024,1467.83,High,Immediate Inspection,Critical
2026-08-09 10:34:04.332762,CONT_003,Dairy,Bengaluru,Pune,2.83,88.47,0.014,975.47,Low,Continue Monitoring,Normal
2026-08-09 10:34:05.337790,CONT_001,Vaccines,Hyderabad,Chennai,7.5,86.27,0.095,876.11,High,Immediate Inspection,Critical
2026-08-09 10:34:06.343909,CONT_001,Vaccines,Hyderabad,Chennai,7.79,87.07,0.045,493.93,Medium,Check Cooling System,Warning
2026-08-09 10:34:07.349734,CONT_002,Seafood,Vizag,Mumbai,0.13,61.92,0.063,1416.81,Medium,Check Cooling System,Warning
2026-08-09 10:34:08.353662,CONT_003,Dairy,Bengaluru,Pune,4.8,62.25,0.099,658.14,High,Immediate Inspection,Critical
2026-08-09 10:34:09.361533,CONT_003,Dairy,Bengaluru,Pune,3.45,79.05,0.037,729.08,Low,Continue Monitoring,Normal
2026-08-09 10:34:10.367123,CONT_001,Vaccines,Hyderabad,Chennai,7.71,85.11,0.016,195.01,Medium,Check Cooling System,Warning
2026-08-09 10:34:11.371981,CONT_002,Seafood,Vizag,Mumbai,3.71,86.85,0.076,327.24,Medium,Check Cooling System,Warning
2026-08-09 10:34:12.378022,CONT_003,Dairy,Bengaluru,Pune,3.68,84.63,0.085,959.94,High,Immediate Inspection,Critical
2026-08-09 10:34:13.380177,CONT_003,Dairy,Bengaluru,Pune,2.72,74.49,0.049,370.89,Low,Continue Monitoring,Normal
2026-08-09 10:34:14.389988,CONT_004,Fruits,Nagpur,Delhi,11.17,69.23,0.091,1224.3,High,Immediate Inspection,Critical
2026-08-09 10:34:15.395936,CONT_002,Seafood,Vizag,Mumbai,2.76,70.63,0.068,645.22,Medium,Check Cooling System,Warning
2026-08-09 10:34:16.402471,CONT_004,Fruits,Nagpur,Delhi,10.69,72.39,0.036,962.26,High,Immediate Inspection,Critical
2026-08-09 10:34:17.407614,CONT_003,Dairy,Bengaluru,Pune,3.71,86.45,0.072,194.39,Medium,Check Cooling System,Warning
2026-08-09 10:34:18.415679,CONT_001,Vaccines,Hyderabad,Chennai,7.93,78.29,0.019,958.56,Medium,Check Cooling System,Warning
2026-08-09 10:34:19.424238,CONT_004,Fruits,Nagpur,Delhi,5.7,67.17,0.033,1387.57,Medium,Check Cooling System,Warning
2026-08-09 10:34:20.434292,CONT_003,Dairy,Bengaluru,Pune,1.89,65.94,0.025,525.74,Low,Continue Monitoring,Normal
2026-08-09 10:34:21.442448,CONT_001,Vaccines,Hyderabad,Chennai,5.78,66.7,0.08,74.98,Medium,Check Cooling System,Warning
2026-08-09 10:34:22.450461,CONT_003,Dairy,Bengaluru,Pune,3.13,67.01,0.013,637.6,Low,Continue Monitoring,Normal
2026-08-09 10:34:23.457521,CONT_004,Fruits,Nagpur,Delhi,11.94,66.91,0.04,475.19,High,Immediate Inspection,Critical
2026-08-09 10:34:24.462589,CONT_001,Vaccines,Hyderabad,Chennai,2.66,86.63,0.076,836.32,Medium,Check Cooling System,Warning
2026-08-09 10:34:25.472235,CONT_002,Seafood,Vizag,Mumbai,-0.35,69.08,0.056,537.62,Medium,Check Cooling System,Warning
2026-08-09 10:34:26.481917,CONT_003,Dairy,Bengaluru,Pune,3.1,71.18,0.065,702.74,Medium,Check Cooling System,Warning
2026-08-09 10:34:27.486663,CONT_004,Fruits,Nagpur,Delhi,4.81,86.04,0.054,1099.05,Medium,Check Cooling System,Warning
2026-08-09 10:34:28.493916,CONT_003,Dairy,Bengaluru,Pune,4.16,62.83,0.026,117.34,Low,Continue Monitoring,Normal
2026-08-09 10:34:29.498933,CONT_004,Fruits,Nagpur,Delhi,11.38,84.39,0.063,580.06,High,Immediate Inspection,Critical
2026-08-09 10:34:30.505818,CONT_002,Seafood,Vizag,Mumbai,0.39,85.67,0.063,992.18,Medium,Check Cooling System,Warning
2026-08-09 10:34:31.510709,CONT_001,Vaccines,Hyderabad,Chennai,6.83,87.92,0.04,630.43,Medium,Check Cooling System,Warning
2026-08-09 10:34:32.517486,CONT_001,Vaccines,Hyderabad,Chennai,4.94,80.42,0.082,791.93,High,Immediate Inspection,Critical
2026-08-09 10:34:33.522790,CONT_004,Fruits,Nagpur,Delhi,6.46,86.15,0.073,486.44,Medium,Check Cooling System,Warning
2026-08-09 10:34:34.529364,CONT_002,Seafood,Vizag,Mumbai,1.07,79.4,0.054,1440.68,Medium,Check Cooling System,Warning
2026-08-09 10:34:35.537520,CONT_004,Fruits,Nagpur,Delhi,10.83,76.09,0.073,771.18,High,Immediate Inspection,Critical
2026-08-09 10:34:36.543317,CONT_004,Fruits,Nagpur,Delhi,5.78,70.14,0.044,1115.64,Medium,Check Cooling System,Warning
2026-08-09 10:34:37.549640,CONT_001,Vaccines,Hyderabad,Chennai,3.5,78.19,0.015,25.91,Low,Continue Monitoring,Normal
2026-08-09 10:34:38.556324,CONT_004,Fruits,Nagpur,Delhi,7.72,72.79,0.087,635.13,High,Immediate Inspection,Critical
2026-08-09 10:34:39.563333,CONT_004,Fruits,Nagpur,Delhi,10.1,87.53,0.084,483.84,High,Immediate Inspection,Critical
2026-08-09 10:34:40.569271,CONT_003,Dairy,Bengaluru,Pune,4.34,68.9,0.067,882.25,Medium,Check Cooling System,Warning
2026-08-09 10:34:41.575783,CONT_002,Seafood,Vizag,Mumbai,1.87,79.42,0.089,1087.86,High,Immediate Inspection,Critical
2026-08-09 10:34:42.580304,CONT_003,Dairy,Bengaluru,Pune,2.99,65.54,0.044,509.02,Low,Continue Monitoring,Normal
2026-08-09 10:34:43.583327,CONT_002,Seafood,Vizag,Mumbai,1.76,88.88,0.086,589.96,High,Immediate Inspection,Critical
2026-08-09 10:34:44.594507,CONT_003,Dairy,Bengaluru,Pune,4.31,67.91,0.1,712.01,High,Immediate Inspection,Critical
2026-08-09 10:34:45.599564,CONT_004,Fruits,Nagpur,Delhi,4.35,87.62,0.033,423.21,Low,Continue Monitoring,Normal
2026-08-09 10:34:46.606334,CONT_004,Fruits,Nagpur,Delhi,7.68,68.6,0.029,92.61,Medium,Check Cooling System,Warning
2026-08-09 10:34:47.611161,CONT_001,Vaccines,Hyderabad,Chennai,5.84,79.26,0.096,547.52,High,Immediate Inspection,Critical
2026-08-09 10:34:48.618123,CONT_001,Vaccines,Hyderabad,Chennai,5.48,75.97,0.021,34.29,Medium,Check Cooling System,Warning
2026-08-09 10:34:49.624800,CONT_002,Seafood,Vizag,Mumbai,-1.47,69.48,0.038,56.61,Low,Continue Monitoring,Normal
2026-08-09 10:34:50.631422,CONT_003,Dairy,Bengaluru,Pune,3.27,84.39,0.088,110.89,High,Immediate Inspection,Critical
2026-08-09 10:34:51.638446,CONT_002,Seafood,Vizag,Mumbai,-0.75,62.3,0.066,1044.57,Medium,Check Cooling System,Warning
2026-08-09 10:34:52.644418,CONT_001,Vaccines,Hyderabad,Chennai,7.59,60.33,0.029,730.87,Medium,Check Cooling System,Warning
2026-08-09 10:34:53.649654,CONT_003,Dairy,Bengaluru,Pune,4.07,62.38,0.051,1091.71,Medium,Check Cooling System,Warning
2026-08-09 10:34:54.657871,CONT_002,Seafood,Vizag,Mumbai,2.81,89.09,0.061,1340.63,Medium,Check Cooling System,Warning
2026-08-09 10:34:55.666350,CONT_003,Dairy,Bengaluru,Pune,2.74,65.87,0.017,842.6,Low,Continue Monitoring,Normal
2026-08-09 10:34:56.672626,CONT_003,Dairy,Bengaluru,Pune,2.07,83.24,0.066,1226.4,Medium,Check Cooling System,Warning
2026-08-09 10:34:57.679237,CONT_003,Dairy,Bengaluru,Pune,3.77,70.85,0.047,343.58,Low,Continue Monitoring,Normal
2026-08-09 10:34:58.685971,CONT_001,Vaccines,Hyderabad,Chennai,2.58,83.59,0.067,1472.63,Medium,Check Cooling System,Warning
2026-08-09 10:34:59.692004,CONT_003,Dairy,Bengaluru,Pune,3.94,60.1,0.059,708.5,Medium,Check Cooling System,Warning
2026-08-09 10:35:00.698788,CONT_001,Vaccines,Hyderabad,Chennai,4.21,72.63,0.081,335.25,High,Immediate Inspection,Critical
2026-08-09 10:35:01.704724,CONT_003,Dairy,Bengaluru,Pune,4.61,63.62,0.076,746.89,Medium,Check Cooling System,Warning
2026-08-09 10:35:02.710463,CONT_001,Vaccines,Hyderabad,Chennai,3.72,66.36,0.014,618.74,Low,Continue Monitoring,Normal
2026-08-09 10:35:03.715686,CONT_003,Dairy,Bengaluru,Pune,1.4,68.13,0.024,1253.74,Low,Continue Monitoring,Normal
2026-08-09 10:35:04.722418,CONT_003,Dairy,Bengaluru,Pune,2.09,84.71,0.024,1314.35,Low,Continue Monitoring,Normal
2026-08-09 10:35:05.738639,CONT_003,Dairy,Bengaluru,Pune,4.69,65.56,0.025,443.68,Low,Continue Monitoring,Normal
2026-08-09 10:35:06.771429,CONT_004,Fruits,Nagpur,Delhi,11.46,60.09,0.087,901.81,High,Immediate Inspection,Critical
2026-08-09 10:35:07.777443,CONT_004,Fruits,Nagpur,Delhi,4.21,86.05,0.082,491.33,High,Immediate Inspection,Critical
2026-08-09 10:35:08.783365,CONT_003,Dairy,Bengaluru,Pune,2.89,72.65,0.023,894.87,Low,Continue Monitoring,Normal
2026-08-09 10:35:09.789279,CONT_002,Seafood,Vizag,Mumbai,-0.33,60.47,0.029,1438.97,Low,Continue Monitoring,Normal
2026-08-09 10:35:10.794873,CONT_004,Fruits,Nagpur,Delhi,7.84,74.66,0.015,1377.81,Medium,Check Cooling System,Warning
2026-08-09 10:35:11.800399,CONT_001,Vaccines,Hyderabad,Chennai,3.62,85.99,0.061,1042.91,Medium,Check Cooling System,Warning
2026-08-09 10:35:12.806878,CONT_002,Seafood,Vizag,Mumbai,-1.15,62.37,0.031,275.32,Low,Continue Monitoring,Normal
2026-08-09 10:35:13.813020,CONT_002,Seafood,Vizag,Mumbai,0.19,72.07,0.097,1026.02,High,Immediate Inspection,Critical
2026-08-09 10:35:14.818307,CONT_001,Vaccines,Hyderabad,Chennai,4.5,77.01,0.022,579.21,Low,Continue Monitoring,Normal
2026-08-09 10:35:15.825603,CONT_004,Fruits,Nagpur,Delhi,10.16,66.98,0.021,31.7,High,Immediate Inspection,Critical
2026-08-09 10:35:16.831566,CONT_002,Seafood,Vizag,Mumbai,0.52,82.3,0.045,38.37,Low,Continue Monitoring,Normal
2026-08-09 10:35:17.838490,CONT_002,Seafood,Vizag,Mumbai,-0.74,71.8,0.06,887.33,Medium,Check Cooling System,Warning
2026-08-09 10:35:18.843980,CONT_004,Fruits,Nagpur,Delhi,4.29,76.1,0.059,37.76,Medium,Check Cooling System,Warning
2026-08-09 10:35:19.849872,CONT_001,Vaccines,Hyderabad,Chennai,6.77,62.08,0.091,1334.64,High,Immediate Inspection,Critical
2026-08-09 10:35:20.855024,CONT_002,Seafood,Vizag,Mumbai,1.91,76.52,0.015,792.96,Low,Continue Monitoring,Normal
2026-08-09 10:35:21.860048,CONT_004,Fruits,Nagpur,Delhi,11.96,78.91,0.06,46.92,High,Immediate Inspection,Critical
2026-08-09 10:35:22.867638,CONT_003,Dairy,Bengaluru,Pune,2.73,63.39,0.049,802.84,Low,Continue Monitoring,Normal
2026-08-09 10:35:23.875964,CONT_002,Seafood,Vizag,Mumbai,1.78,65.09,0.045,434.9,Low,Continue Monitoring,Normal
2026-08-09 10:35:24.883932,CONT_004,Fruits,Nagpur,Delhi,10.07,81.26,0.025,1359.05,High,Immediate Inspection,Critical
2026-08-09 10:35:25.890156,CONT_004,Fruits,Nagpur,Delhi,5.07,88.9,0.082,232.35,High,Immediate Inspection,Critical
2026-08-09 10:35:26.896726,CONT_002,Seafood,Vizag,Mumbai,-1.95,81.14,0.078,879.21,Medium,Check Cooling System,Warning
2026-08-09 10:35:27.902052,CONT_004,Fruits,Nagpur,Delhi,7.86,88.84,0.035,154.22,Medium,Check Cooling System,Warning
2026-08-09 10:35:28.908848,CONT_003,Dairy,Bengaluru,Pune,1.36,87.54,0.036,680.6,Low,Continue Monitoring,Normal
2026-08-09 10:35:29.916896,CONT_001,Vaccines,Hyderabad,Chennai,4.47,73.79,0.095,1109.72,High,Immediate Inspection,Critical
2026-08-09 10:35:30.924862,CONT_004,Fruits,Nagpur,Delhi,11.08,79.2,0.068,1258.55,High,Immediate Inspection,Critical
2026-08-09 10:35:31.931675,CONT_003,Dairy,Bengaluru,Pune,3.09,88.38,0.017,1440.6,Low,Continue Monitoring,Normal
2026-08-09 10:35:32.936177,CONT_002,Seafood,Vizag,Mumbai,0.92,64.3,0.079,828.21,Medium,Check Cooling System,Warning
2026-08-09 10:35:33.943573,CONT_001,Vaccines,Hyderabad,Chennai,6.03,73.02,0.084,667.15,High,Immediate Inspection,Critical
2026-08-09 10:35:34.948995,CONT_004,Fruits,Nagpur,Delhi,11.88,83.82,0.058,340.85,High,Immediate Inspection,Critical
2026-08-09 10:35:35.954328,CONT_003,Dairy,Bengaluru,Pune,1.67,83.83,0.039,617.01,Low,Continue Monitoring,Normal
2026-08-09 10:35:36.962414,CONT_001,Vaccines,Hyderabad,Chennai,5.75,65.14,0.072,470.36,Medium,Check Cooling System,Warning
2026-08-09 10:35:37.969024,CONT_004,Fruits,Nagpur,Delhi,6.12,70.03,0.01,1255.35,Medium,Check Cooling System,Warning
2026-08-09 10:35:38.976406,CONT_003,Dairy,Bengaluru,Pune,3.88,80.68,0.053,1090.15,Medium,Check Cooling System,Warning
2026-08-09 10:35:39.983210,CONT_004,Fruits,Nagpur,Delhi,8.5,77.12,0.067,937.5,High,Immediate Inspection,Critical
2026-08-09 10:35:40.985070,CONT_002,Seafood,Vizag,Mumbai,-0.06,84.2,0.092,1192.84,High,Immediate Inspection,Critical
2026-08-09 10:35:41.999559,CONT_003,Dairy,Bengaluru,Pune,1.35,63.37,0.043,266.05,Low,Continue Monitoring,Normal
2026-08-09 10:35:43.005884,CONT_002,Seafood,Vizag,Mumbai,0.85,61.22,0.055,157.45,Medium,Check Cooling System,Warning
2026-08-09 10:35:44.013056,CONT_001,Vaccines,Hyderabad,Chennai,6.46,88.08,0.047,905.86,Medium,Check Cooling System,Warning
2026-08-09 10:35:45.019724,CONT_001,Vaccines,Hyderabad,Chennai,6.0,67.87,0.022,1387.71,Medium,Check Cooling System,Warning
2026-08-09 10:35:46.027169,CONT_002,Seafood,Vizag,Mumbai,2.67,83.54,0.026,796.68,Low,Continue Monitoring,Normal
2026-08-09 10:35:47.035210,CONT_004,Fruits,Nagpur,Delhi,4.84,85.48,0.068,1490.18,Medium,Check Cooling System,Warning
2026-08-09 10:35:48.041731,CONT_004,Fruits,Nagpur,Delhi,9.48,74.5,0.02,90.21,High,Immediate Inspection,Critical
2026-08-09 10:35:49.048281,CONT_004,Fruits,Nagpur,Delhi,7.33,89.73,0.035,977.27,Medium,Check Cooling System,Warning
2026-08-09 10:35:50.054169,CONT_004,Fruits,Nagpur,Delhi,5.96,79.83,0.08,450.22,Medium,Check Cooling System,Warning
2026-08-09 10:35:51.061524,CONT_001,Vaccines,Hyderabad,Chennai,2.07,64.96,0.068,522.02,Medium,Check Cooling System,Warning
2026-08-09 10:35:52.067501,CONT_003,Dairy,Bengaluru,Pune,4.21,72.71,0.034,965.31,Low,Continue Monitoring,Normal
2026-08-09 10:35:53.076385,CONT_002,Seafood,Vizag,Mumbai,1.89,85.82,0.063,669.39,Medium,Check Cooling System,Warning
2026-08-09 10:35:54.084741,CONT_004,Fruits,Nagpur,Delhi,8.63,88.95,0.047,414.02,High,Immediate Inspection,Critical
2026-08-09 10:35:55.093753,CONT_004,Fruits,Nagpur,Delhi,8.12,72.2,0.052,553.43,High,Immediate Inspection,Critical
2026-08-09 10:35:56.100541,CONT_002,Seafood,Vizag,Mumbai,3.61,74.57,0.048,346.42,Low,Continue Monitoring,Normal
2026-08-09 10:35:57.106470,CONT_002,Seafood,Vizag,Mumbai,1.2,61.02,0.098,824.9,High,Immediate Inspection,Critical
2026-08-09 10:35:58.113290,CONT_003,Dairy,Bengaluru,Pune,4.84,86.72,0.088,757.77,High,Immediate Inspection,Critical
2026-08-09 10:35:59.120296,CONT_002,Seafood,Vizag,Mumbai,-1.79,73.29,0.015,355.93,Low,Continue Monitoring,Normal
2026-08-09 10:36:00.127758,CONT_004,Fruits,Nagpur,Delhi,10.96,87.83,0.083,699.77,High,Immediate Inspection,Critical
2026-08-09 10:36:01.134824,CONT_002,Seafood,Vizag,Mumbai,1.29,75.03,0.087,717.67,High,Immediate Inspection,Critical
2026-08-09 10:36:02.142131,CONT_002,Seafood,Vizag,Mumbai,-0.87,87.97,0.036,586.87,Low,Continue Monitoring,Normal
2026-08-09 10:36:03.148997,CONT_001,Vaccines,Hyderabad,Chennai,7.19,89.36,0.017,63.72,Medium,Check Cooling System,Warning
2026-08-09 10:36:04.155191,CONT_003,Dairy,Bengaluru,Pune,2.65,71.17,0.029,251.08,Low,Continue Monitoring,Normal
2026-08-09 10:36:05.160577,CONT_001,Vaccines,Hyderabad,Chennai,7.89,82.25,0.054,435.13,Medium,Check Cooling System,Warning
2026-08-09 10:36:06.167377,CONT_002,Seafood,Vizag,Mumbai,3.02,77.6,0.052,515.93,Medium,Check Cooling System,Warning
2026-08-09 10:36:07.173329,CONT_002,Seafood,Vizag,Mumbai,-0.59,72.22,0.061,1256.7,Medium,Check Cooling System,Warning
2026-08-09 10:36:08.178812,CONT_001,Vaccines,Hyderabad,Chennai,3.43,88.49,0.014,1469.34,Low,Continue Monitoring,Normal
2026-08-09 10:36:09.184683,CONT_003,Dairy,Bengaluru,Pune,2.71,71.82,0.027,779.31,Low,Continue Monitoring,Normal
2026-08-09 10:36:10.191103,CONT_004,Fruits,Nagpur,Delhi,9.6,65.16,0.043,986.06,High,Immediate Inspection,Critical
2026-08-09 10:36:11.195311,CONT_001,Vaccines,Hyderabad,Chennai,6.83,85.14,0.027,1058.42,Medium,Check Cooling System,Warning
2026-08-09 10:36:12.205487,CONT_003,Dairy,Bengaluru,Pune,1.85,87.92,0.05,1138.89,Low,Continue Monitoring,Normal
2026-08-09 10:36:13.214163,CONT_003,Dairy,Bengaluru,Pune,2.43,74.99,0.08,1018.98,Medium,Check Cooling System,Warning
2026-08-09 10:36:14.219873,CONT_002,Seafood,Vizag,Mumbai,2.17,87.2,0.074,402.4,Medium,Check Cooling System,Warning
2026-08-09 10:36:15.225479,CONT_003,Dairy,Bengaluru,Pune,3.89,78.18,0.072,1198.24,Medium,Check Cooling System,Warning
2026-08-09 10:36:16.230171,CONT_003,Dairy,Bengaluru,Pune,1.59,64.92,0.089,1283.47,High,Immediate Inspection,Critical
2026-08-09 10:36:17.237529,CONT_004,Fruits,Nagpur,Delhi,6.91,79.9,0.04,923.85,Medium,Check Cooling System,Warning
2026-08-09 10:36:18.244601,CONT_003,Dairy,Bengaluru,Pune,4.59,63.92,0.064,127.1,Medium,Check Cooling System,Warning
2026-08-09 10:36:19.249820,CONT_003,Dairy,Bengaluru,Pune,1.55,87.47,0.011,56.83,Low,Continue Monitoring,Normal
2026-08-09 10:36:20.260467,CONT_002,Seafood,Vizag,Mumbai,1.64,83.39,0.06,1343.14,Medium,Check Cooling System,Warning
2026-08-09 10:36:21.266887,CONT_001,Vaccines,Hyderabad,Chennai,7.92,83.78,0.082,90.56,High,Immediate Inspection,Critical
2026-08-09 10:36:22.272061,CONT_001,Vaccines,Hyderabad,Chennai,2.98,89.87,0.064,96.69,Medium,Check Cooling System,Warning
2026-08-09 10:36:23.281541,CONT_001,Vaccines,Hyderabad,Chennai,4.94,74.89,0.052,1076.28,Medium,Check Cooling System,Warning
2026-08-09 10:36:24.289006,CONT_003,Dairy,Bengaluru,Pune,3.1,63.29,0.074,829.01,Medium,Check Cooling System,Warning
2026-08-09 10:36:25.295825,CONT_003,Dairy,Bengaluru,Pune,3.74,75.56,0.027,1067.66,Low,Continue Monitoring,Normal
2026-08-09 10:36:26.301132,CONT_004,Fruits,Nagpur,Delhi,11.46,69.41,0.028,446.82,High,Immediate Inspection,Critical
2026-08-09 10:36:27.307043,CONT_004,Fruits,Nagpur,Delhi,7.35,87.25,0.015,1020.45,Medium,Check Cooling System,Warning
2026-08-09 10:36:28.313196,CONT_003,Dairy,Bengaluru,Pune,1.88,63.76,0.022,1202.33,Low,Continue Monitoring,Normal
2026-08-09 10:36:29.318390,CONT_001,Vaccines,Hyderabad,Chennai,5.74,62.42,0.076,58.81,Medium,Check Cooling System,Warning
2026-08-09 10:36:30.326096,CONT_002,Seafood,Vizag,Mumbai,-0.25,82.46,0.04,881.96,Low,Continue Monitoring,Normal
2026-08-09 10:36:31.332028,CONT_003,Dairy,Bengaluru,Pune,1.37,86.04,0.035,30.57,Low,Continue Monitoring,Normal
2026-08-09 10:36:32.338510,CONT_002,Seafood,Vizag,Mumbai,3.93,64.22,0.066,1325.59,Medium,Check Cooling System,Warning
2026-08-09 10:36:33.346109,CONT_002,Seafood,Vizag,Mumbai,2.7,82.17,0.027,561.9,Low,Continue Monitoring,Normal
2026-08-09 10:36:34.353958,CONT_004,Fruits,Nagpur,Delhi,11.48,79.24,0.084,705.35,High,Immediate Inspection,Critical
2026-08-09 10:36:35.355509,CONT_004,Fruits,Nagpur,Delhi,11.89,62.78,0.021,1105.2,High,Immediate Inspection,Critical
2026-08-09 10:36:36.366612,CONT_004,Fruits,Nagpur,Delhi,5.96,85.15,0.096,482.95,High,Immediate Inspection,Critical
2026-08-09 10:36:37.370735,CONT_002,Seafood,Vizag,Mumbai,-0.62,68.93,0.089,1164.11,High,Immediate Inspection,Critical
2026-08-09 10:36:38.378626,CONT_003,Dairy,Bengaluru,Pune,4.48,68.66,0.048,146.62,Low,Continue Monitoring,Normal
2026-08-09 10:36:39.387690,CONT_001,Vaccines,Hyderabad,Chennai,2.69,64.86,0.05,221.07,Low,Continue Monitoring,Normal
2026-08-09 10:36:40.390752,CONT_003,Dairy,Bengaluru,Pune,1.99,84.61,0.011,1050.6,Low,Continue Monitoring,Normal
2026-08-09 10:36:41.399583,CONT_004,Fruits,Nagpur,Delhi,11.52,86.68,0.053,107.3,High,Immediate Inspection,Critical
2026-08-09 10:36:42.402747,CONT_002,Seafood,Vizag,Mumbai,3.41,86.73,0.065,492.88,Medium,Check Cooling System,Warning
2026-08-09 10:36:43.414936,CONT_004,Fruits,Nagpur,Delhi,9.5,70.72,0.052,607.79,High,Immediate Inspection,Critical
2026-08-09 10:36:44.420946,CONT_001,Vaccines,Hyderabad,Chennai,4.49,77.7,0.025,42.13,Low,Continue Monitoring,Normal
2026-08-09 10:36:45.429259,CONT_001,Vaccines,Hyderabad,Chennai,6.85,76.16,0.089,340.32,High,Immediate Inspection,Critical
2026-08-09 10:36:46.434178,CONT_004,Fruits,Nagpur,Delhi,8.9,69.36,0.066,157.62,High,Immediate Inspection,Critical
2026-08-09 10:36:47.441500,CONT_001,Vaccines,Hyderabad,Chennai,2.07,74.52,0.079,367.46,Medium,Check Cooling System,Warning
2026-08-09 10:36:48.447257,CONT_001,Vaccines,Hyderabad,Chennai,4.64,78.98,0.039,661.55,Low,Continue Monitoring,Normal
2026-08-09 10:37:59.274532,CONT_003,Dairy,Bengaluru,Pune,3.15,64.11,0.031,746.23,Low,Continue Monitoring,Normal
2026-08-09 10:38:00.339102,CONT_003,Dairy,Bengaluru,Pune,2.06,88.48,0.023,583.61,Low,Continue Monitoring,Normal
2026-08-09 10:38:01.346426,CONT_002,Seafood,Vizag,Mumbai,3.47,77.08,0.089,724.85,High,Immediate Inspection,Critical
2026-08-09 10:38:02.349603,CONT_001,Vaccines,Hyderabad,Chennai,4.95,80.77,0.066,90.53,Medium,Check Cooling System,Warning
2026-08-09 10:38:03.355133,CONT_001,Vaccines,Hyderabad,Chennai,6.37,73.66,0.02,1010.58,Medium,Check Cooling System,Warning
2026-08-09 10:38:04.361053,CONT_004,Fruits,Nagpur,Delhi,8.75,63.32,0.094,1362.86,High,Immediate Inspection,Critical
2026-08-09 10:38:05.367084,CONT_001,Vaccines,Hyderabad,Chennai,7.0,63.35,0.058,1195.78,Medium,Check Cooling System,Warning
2026-08-09 10:38:06.373946,CONT_002,Seafood,Vizag,Mumbai,0.69,74.35,0.05,29.95,Low,Continue Monitoring,Normal
2026-08-09 10:38:07.379834,CONT_003,Dairy,Bengaluru,Pune,2.32,80.4,0.025,1186.85,Low,Continue Monitoring,Normal
2026-08-09 10:38:08.385779,CONT_001,Vaccines,Hyderabad,Chennai,6.37,68.11,0.082,741.53,High,Immediate Inspection,Critical
2026-08-09 10:38:09.390651,CONT_004,Fruits,Nagpur,Delhi,7.14,88.24,0.025,190.0,Medium,Check Cooling System,Warning
2026-08-09 10:38:10.397019,CONT_001,Vaccines,Hyderabad,Chennai,4.46,85.82,0.046,323.52,Low,Continue Monitoring,Normal
2026-08-09 10:38:11.403731,CONT_004,Fruits,Nagpur,Delhi,8.2,60.18,0.063,638.94,High,Immediate Inspection,Critical
2026-08-09 10:38:12.409698,CONT_001,Vaccines,Hyderabad,Chennai,7.11,67.44,0.047,843.4,Medium,Check Cooling System,Warning
2026-08-09 10:38:13.415067,CONT_004,Fruits,Nagpur,Delhi,6.91,89.91,0.036,1034.28,Medium,Check Cooling System,Warning
2026-08-09 10:38:14.421190,CONT_001,Vaccines,Hyderabad,Chennai,6.71,80.27,0.046,675.56,Medium,Check Cooling System,Warning
2026-08-09 10:38:15.427906,CONT_002,Seafood,Vizag,Mumbai,3.89,85.96,0.081,1189.15,High,Immediate Inspection,Critical
2026-08-09 10:38:16.440260,CONT_002,Seafood,Vizag,Mumbai,3.72,82.59,0.035,1437.62,Low,Continue Monitoring,Normal
2026-08-09 10:38:17.462654,CONT_003,Dairy,Bengaluru,Pune,4.6,70.22,0.077,1122.85,Medium,Check Cooling System,Warning
2026-08-09 10:38:18.471684,CONT_002,Seafood,Vizag,Mumbai,-1.1,61.02,0.095,1407.93,High,Immediate Inspection,Critical
2026-08-09 10:38:19.479706,CONT_001,Vaccines,Hyderabad,Chennai,4.81,81.08,0.059,1103.27,Medium,Check Cooling System,Warning
2026-08-09 10:38:20.485286,CONT_003,Dairy,Bengaluru,Pune,2.0,89.34,0.079,912.69,Medium,Check Cooling System,Warning
2026-08-09 10:38:21.491217,CONT_004,Fruits,Nagpur,Delhi,8.64,72.98,0.018,1393.12,High,Immediate Inspection,Critical
2026-08-09 10:38:22.500135,CONT_004,Fruits,Nagpur,Delhi,6.99,84.74,0.063,281.18,Medium,Check Cooling System,Warning
2026-08-09 10:38:23.505629,CONT_004,Fruits,Nagpur,Delhi,7.51,69.5,0.051,455.77,Medium,Check Cooling System,Warning
2026-08-09 10:38:24.511271,CONT_004,Fruits,Nagpur,Delhi,11.48,67.15,0.036,1389.06,High,Immediate Inspection,Critical
2026-08-09 10:38:25.519120,CONT_001,Vaccines,Hyderabad,Chennai,7.48,88.64,0.056,1457.73,Medium,Check Cooling System,Warning
2026-08-09 10:38:26.525492,CONT_002,Seafood,Vizag,Mumbai,1.48,64.03,0.039,33.61,Low,Continue Monitoring,Normal
2026-08-09 10:38:27.531369,CONT_001,Vaccines,Hyderabad,Chennai,4.44,76.14,0.097,1289.15,High,Immediate Inspection,Critical
2026-08-09 10:38:28.538573,CONT_002,Seafood,Vizag,Mumbai,0.24,74.36,0.021,374.32,Low,Continue Monitoring,Normal
2026-08-09 10:38:29.544976,CONT_004,Fruits,Nagpur,Delhi,5.02,67.63,0.043,1459.61,Medium,Check Cooling System,Warning
2026-08-09 10:38:30.553107,CONT_002,Seafood,Vizag,Mumbai,3.91,62.99,0.082,965.56,High,Immediate Inspection,Critical
2026-08-09 10:38:31.557380,CONT_002,Seafood,Vizag,Mumbai,2.86,74.68,0.027,865.64,Low,Continue Monitoring,Normal
2026-08-09 10:38:32.564486,CONT_004,Fruits,Nagpur,Delhi,5.94,86.57,0.086,1252.52,High,Immediate Inspection,Critical
2026-08-09 10:38:33.572124,CONT_004,Fruits,Nagpur,Delhi,10.59,69.92,0.06,256.79,High,Immediate Inspection,Critical
2026-08-09 10:38:34.578103,CONT_003,Dairy,Bengaluru,Pune,2.14,88.55,0.071,308.22,Medium,Check Cooling System,Warning
2026-08-09 10:38:35.583899,CONT_002,Seafood,Vizag,Mumbai,-0.68,83.4,0.049,1178.11,Low,Continue Monitoring,Normal
2026-08-09 10:38:36.590876,CONT_004,Fruits,Nagpur,Delhi,4.95,80.06,0.024,401.19,Low,Continue Monitoring,Normal
2026-08-09 10:38:37.596176,CONT_001,Vaccines,Hyderabad,Chennai,4.27,78.07,0.026,1115.35,Low,Continue Monitoring,Normal
2026-08-09 10:38:38.600594,CONT_001,Vaccines,Hyderabad,Chennai,6.35,84.68,0.089,864.5,High,Immediate Inspection,Critical
2026-08-09 10:38:39.608448,CONT_004,Fruits,Nagpur,Delhi,5.12,65.8,0.045,143.79,Medium,Check Cooling System,Warning
2026-08-09 10:38:40.614723,CONT_003,Dairy,Bengaluru,Pune,2.29,64.6,0.064,1377.3,Medium,Check Cooling System,Warning
2026-08-09 10:38:41.624750,CONT_003,Dairy,Bengaluru,Pune,2.4,83.45,0.024,131.36,Low,Continue Monitoring,Normal
2026-08-09 10:38:42.630917,CONT_002,Seafood,Vizag,Mumbai,1.25,60.82,0.081,621.09,High,Immediate Inspection,Critical
2026-08-09 10:38:43.637021,CONT_001,Vaccines,Hyderabad,Chennai,5.78,70.56,0.08,729.16,Medium,Check Cooling System,Warning
2026-08-09 10:38:44.643573,CONT_003,Dairy,Bengaluru,Pune,1.01,70.91,0.038,631.99,Low,Continue Monitoring,Normal
2026-08-09 10:38:45.650380,CONT_001,Vaccines,Hyderabad,Chennai,4.58,85.47,0.026,476.08,Low,Continue Monitoring,Normal
2026-08-09 10:38:46.657690,CONT_004,Fruits,Nagpur,Delhi,6.5,88.93,0.03,941.16,Medium,Check Cooling System,Warning
2026-08-09 10:38:47.664671,CONT_001,Vaccines,Hyderabad,Chennai,4.84,72.12,0.017,337.82,Low,Continue Monitoring,Normal
2026-08-09 10:38:48.670439,CONT_004,Fruits,Nagpur,Delhi,8.12,82.2,0.079,20.49,High,Immediate Inspection,Critical
2026-08-09 10:38:49.676891,CONT_004,Fruits,Nagpur,Delhi,9.1,88.63,0.068,1271.04,High,Immediate Inspection,Critical
2026-08-09 10:38:50.682552,CONT_004,Fruits,Nagpur,Delhi,7.04,74.08,0.039,1342.81,Medium,Check Cooling System,Warning
2026-08-09 10:38:51.690186,CONT_001,Vaccines,Hyderabad,Chennai,2.61,68.27,0.075,762.62,Medium,Check Cooling System,Warning
2026-08-09 10:38:52.695269,CONT_004,Fruits,Nagpur,Delhi,9.23,62.04,0.059,1139.27,High,Immediate Inspection,Critical
2026-08-09 10:39:20.180507,CONT_004,Fruits,Nagpur,Delhi,9.02,80.09,0.018,886.93,High,Immediate Inspection,Critical
2026-08-09 10:39:21.185927,CONT_003,Dairy,Bengaluru,Pune,1.61,79.09,0.022,602.58,Low,Continue Monitoring,Normal
2026-08-09 10:39:22.202712,CONT_004,Fruits,Nagpur,Delhi,11.93,71.87,0.079,932.83,High,Immediate Inspection,Critical
2026-08-09 10:39:23.206997,CONT_003,Dairy,Bengaluru,Pune,3.43,87.45,0.067,952.23,Medium,Check Cooling System,Warning
2026-08-09 10:39:24.215491,CONT_001,Vaccines,Hyderabad,Chennai,2.51,67.23,0.029,777.01,Low,Continue Monitoring,Normal
2026-08-09 10:39:25.220964,CONT_003,Dairy,Bengaluru,Pune,1.48,63.38,0.024,1358.79,Low,Continue Monitoring,Normal
2026-08-09 10:39:26.228098,CONT_004,Fruits,Nagpur,Delhi,9.69,76.56,0.055,576.05,High,Immediate Inspection,Critical
2026-08-09 10:39:27.234806,CONT_003,Dairy,Bengaluru,Pune,1.86,77.57,0.04,469.16,Low,Continue Monitoring,Normal
2026-08-09 10:39:28.239610,CONT_001,Vaccines,Hyderabad,Chennai,4.29,75.59,0.038,1230.36,Low,Continue Monitoring,Normal
2026-08-09 10:39:29.247661,CONT_002,Seafood,Vizag,Mumbai,3.26,61.99,0.088,775.09,High,Immediate Inspection,Critical
2026-08-09 10:39:30.253191,CONT_002,Seafood,Vizag,Mumbai,2.67,62.64,0.099,726.84,High,Immediate Inspection,Critical
2026-08-09 10:39:31.259395,CONT_001,Vaccines,Hyderabad,Chennai,3.17,64.74,0.078,489.92,Medium,Check Cooling System,Warning
2026-08-09 10:39:32.264747,CONT_004,Fruits,Nagpur,Delhi,5.21,77.68,0.075,338.1,Medium,Check Cooling System,Warning
2026-08-09 10:39:33.271710,CONT_002,Seafood,Vizag,Mumbai,3.42,63.43,0.091,247.94,High,Immediate Inspection,Critical
2026-08-09 10:39:34.273553,CONT_004,Fruits,Nagpur,Delhi,10.95,64.06,0.012,1419.09,High,Immediate Inspection,Critical
2026-08-09 10:39:35.285571,CONT_001,Vaccines,Hyderabad,Chennai,3.5,61.4,0.025,485.68,Low,Continue Monitoring,Normal
2026-08-09 10:39:36.290347,CONT_001,Vaccines,Hyderabad,Chennai,6.1,61.59,0.074,1346.16,Medium,Check Cooling System,Warning
2026-08-09 10:39:37.297793,CONT_002,Seafood,Vizag,Mumbai,-0.25,63.33,0.032,546.12,Low,Continue Monitoring,Normal
2026-08-09 10:39:38.303565,CONT_003,Dairy,Bengaluru,Pune,2.5,70.15,0.015,107.69,Low,Continue Monitoring,Normal
2026-08-09 10:39:39.310063,CONT_002,Seafood,Vizag,Mumbai,1.62,77.66,0.082,670.38,High,Immediate Inspection,Critical
2026-08-09 10:39:40.316471,CONT_004,Fruits,Nagpur,Delhi,6.72,78.25,0.061,230.05,Medium,Check Cooling System,Warning
2026-08-09 10:39:41.323013,CONT_001,Vaccines,Hyderabad,Chennai,3.43,60.63,0.014,780.7,Low,Continue Monitoring,Normal
2026-08-09 10:39:42.329395,CONT_004,Fruits,Nagpur,Delhi,7.38,87.12,0.012,43.23,Medium,Check Cooling System,Warning
2026-08-09 10:39:43.335003,CONT_001,Vaccines,Hyderabad,Chennai,4.42,62.79,0.017,368.41,Low,Continue Monitoring,Normal
2026-08-09 10:39:44.340862,CONT_002,Seafood,Vizag,Mumbai,3.17,73.02,0.06,1308.81,Medium,Check Cooling System,Warning
2026-08-09 10:39:45.346864,CONT_001,Vaccines,Hyderabad,Chennai,3.25,72.16,0.039,272.11,Low,Continue Monitoring,Normal
2026-08-09 10:39:46.353833,CONT_002,Seafood,Vizag,Mumbai,1.15,88.32,0.032,522.38,Low,Continue Monitoring,Normal
2026-08-09 10:39:47.360175,CONT_001,Vaccines,Hyderabad,Chennai,6.6,70.95,0.059,36.23,Medium,Check Cooling System,Warning
2026-08-09 10:39:48.366209,CONT_002,Seafood,Vizag,Mumbai,3.18,63.37,0.035,648.35,Low,Continue Monitoring,Normal
2026-08-09 10:39:49.372072,CONT_004,Fruits,Nagpur,Delhi,11.25,69.29,0.055,922.97,High,Immediate Inspection,Critical
2026-08-09 10:39:50.378850,CONT_001,Vaccines,Hyderabad,Chennai,4.19,88.61,0.087,1380.47,High,Immediate Inspection,Critical
2026-08-09 10:39:51.385217,CONT_001,Vaccines,Hyderabad,Chennai,3.1,83.19,0.077,462.46,Medium,Check Cooling System,Warning
2026-08-09 10:39:52.393003,CONT_004,Fruits,Nagpur,Delhi,4.92,78.61,0.049,799.35,Low,Continue Monitoring,Normal
2026-08-09 10:39:53.398161,CONT_004,Fruits,Nagpur,Delhi,7.54,81.51,0.093,715.99,High,Immediate Inspection,Critical
2026-08-09 10:39:54.404126,CONT_004,Fruits,Nagpur,Delhi,8.64,79.98,0.079,1099.11,High,Immediate Inspection,Critical
2026-08-09 10:39:55.411439,CONT_003,Dairy,Bengaluru,Pune,3.69,62.59,0.043,207.0,Low,Continue Monitoring,Normal
2026-08-09 10:39:56.417906,CONT_003,Dairy,Bengaluru,Pune,3.43,76.9,0.065,1136.85,Medium,Check Cooling System,Warning
2026-08-09 10:39:57.423170,CONT_003,Dairy,Bengaluru,Pune,1.27,89.7,0.077,1291.67,Medium,Check Cooling System,Warning
2026-08-09 10:39:58.429002,CONT_003,Dairy,Bengaluru,Pune,2.31,89.57,0.074,1118.75,Medium,Check Cooling System,Warning
2026-08-09 10:39:59.436745,CONT_004,Fruits,Nagpur,Delhi,11.99,83.71,0.071,151.3,High,Immediate Inspection,Critical
2026-08-09 10:40:00.443108,CONT_004,Fruits,Nagpur,Delhi,8.11,78.72,0.074,1169.05,High,Immediate Inspection,Critical
2026-08-09 10:40:01.449743,CONT_004,Fruits,Nagpur,Delhi,9.81,74.77,0.058,1094.05,High,Immediate Inspection,Critical
2026-08-09 10:40:02.455881,CONT_003,Dairy,Bengaluru,Pune,4.83,79.8,0.088,1037.47,High,Immediate Inspection,Critical
2026-08-09 10:40:03.462805,CONT_003,Dairy,Bengaluru,Pune,3.57,79.21,0.055,99.37,Medium,Check Cooling System,Warning
2026-08-09 10:40:04.468386,CONT_004,Fruits,Nagpur,Delhi,8.6,76.97,0.057,62.45,High,Immediate Inspection,Critical
2026-08-09 10:40:05.472389,CONT_003,Dairy,Bengaluru,Pune,1.13,87.26,0.042,128.51,Low,Continue Monitoring,Normal
2026-08-09 10:40:06.480250,CONT_002,Seafood,Vizag,Mumbai,-0.99,83.51,0.081,632.91,High,Immediate Inspection,Critical
2026-08-09 10:40:07.486389,CONT_001,Vaccines,Hyderabad,Chennai,2.78,62.97,0.064,497.01,Medium,Check Cooling System,Warning
2026-08-09 10:40:08.493225,CONT_004,Fruits,Nagpur,Delhi,10.56,75.87,0.052,725.64,High,Immediate Inspection,Critical
2026-08-09 10:40:09.499497,CONT_002,Seafood,Vizag,Mumbai,-1.42,82.17,0.036,1453.88,Low,Continue Monitoring,Normal
2026-08-09 10:40:10.505349,CONT_001,Vaccines,Hyderabad,Chennai,6.85,78.62,0.089,505.19,High,Immediate Inspection,Critical
2026-08-09 10:40:11.511488,CONT_003,Dairy,Bengaluru,Pune,2.35,62.6,0.054,145.32,Medium,Check Cooling System,Warning
2026-08-09 10:40:12.517093,CONT_003,Dairy,Bengaluru,Pune,4.58,81.05,0.032,1153.3,Low,Continue Monitoring,Normal
2026-08-09 10:40:13.524480,CONT_001,Vaccines,Hyderabad,Chennai,3.91,75.81,0.075,380.58,Medium,Check Cooling System,Warning
2026-08-09 10:40:14.528368,CONT_003,Dairy,Bengaluru,Pune,1.74,71.71,0.086,1392.78,High,Immediate Inspection,Critical
2026-08-09 10:40:15.537563,CONT_002,Seafood,Vizag,Mumbai,1.61,66.75,0.028,1234.03,Low,Continue Monitoring,Normal
2026-08-09 10:40:16.545044,CONT_001,Vaccines,Hyderabad,Chennai,7.6,60.12,0.068,810.65,Medium,Check Cooling System,Warning
2026-08-09 10:40:17.550751,CONT_002,Seafood,Vizag,Mumbai,-0.26,72.86,0.022,1450.75,Low,Continue Monitoring,Normal
2026-08-09 10:40:18.556082,CONT_001,Vaccines,Hyderabad,Chennai,7.41,77.65,0.016,691.2,Medium,Check Cooling System,Warning
2026-08-09 10:40:19.571372,CONT_002,Seafood,Vizag,Mumbai,1.76,62.77,0.027,1368.54,Low,Continue Monitoring,Normal
2026-08-09 10:40:20.578765,CONT_001,Vaccines,Hyderabad,Chennai,2.01,84.65,0.012,391.26,Low,Continue Monitoring,Normal
2026-08-09 10:40:21.584453,CONT_002,Seafood,Vizag,Mumbai,-1.5,63.56,0.081,798.02,High,Immediate Inspection,Critical
2026-08-09 10:40:22.590423,CONT_003,Dairy,Bengaluru,Pune,2.04,65.77,0.071,788.01,Medium,Check Cooling System,Warning
2026-08-09 10:40:23.600596,CONT_003,Dairy,Bengaluru,Pune,4.67,64.57,0.04,885.76,Low,Continue Monitoring,Normal
2026-08-09 10:40:24.605899,CONT_003,Dairy,Bengaluru,Pune,3.16,82.8,0.062,34.02,Medium,Check Cooling System,Warning
2026-08-09 10:40:25.613237,CONT_004,Fruits,Nagpur,Delhi,8.19,66.42,0.095,1483.54,High,Immediate Inspection,Critical
2026-08-09 10:40:26.619299,CONT_003,Dairy,Bengaluru,Pune,4.39,87.63,0.026,1230.1,Low,Continue Monitoring,Normal
2026-08-09 10:40:27.626063,CONT_004,Fruits,Nagpur,Delhi,4.9,67.13,0.017,1298.1,Low,Continue Monitoring,Normal
2026-08-09 10:40:28.632304,CONT_003,Dairy,Bengaluru,Pune,1.67,67.81,0.092,600.66,High,Immediate Inspection,Critical
2026-08-09 10:40:29.640112,CONT_004,Fruits,Nagpur,Delhi,9.84,74.0,0.089,574.54,High,Immediate Inspection,Critical
2026-08-09 10:40:30.646907,CONT_002,Seafood,Vizag,Mumbai,0.71,67.84,0.092,733.71,High,Immediate Inspection,Critical
2026-08-09 10:40:31.651983,CONT_001,Vaccines,Hyderabad,Chennai,2.95,60.08,0.016,255.96,Low,Continue Monitoring,Normal
2026-08-09 10:40:32.660567,CONT_001,Vaccines,Hyderabad,Chennai,6.66,68.79,0.02,1367.02,Medium,Check Cooling System,Warning
2026-08-09 10:40:33.667457,CONT_003,Dairy,Bengaluru,Pune,1.94,87.32,0.061,1219.96,Medium,Check Cooling System,Warning
2026-08-09 10:40:34.674706,CONT_002,Seafood,Vizag,Mumbai,3.14,60.38,0.032,128.75,Low,Continue Monitoring,Normal
2026-08-09 10:40:35.680719,CONT_001,Vaccines,Hyderabad,Chennai,5.94,89.33,0.017,979.59,Medium,Check Cooling System,Warning
2026-08-09 10:40:36.686187,CONT_002,Seafood,Vizag,Mumbai,3.57,80.04,0.083,680.54,High,Immediate Inspection,Critical
2026-08-09 10:40:37.692604,CONT_002,Seafood,Vizag,Mumbai,0.61,73.06,0.011,1319.41,Low,Continue Monitoring,Normal
2026-08-09 10:40:38.698061,CONT_003,Dairy,Bengaluru,Pune,2.2,71.68,0.073,1026.45,Medium,Check Cooling System,Warning
2026-08-09 10:40:39.705115,CONT_003,Dairy,Bengaluru,Pune,2.68,62.58,0.022,1234.67,Low,Continue Monitoring,Normal
2026-08-09 10:40:40.714732,CONT_002,Seafood,Vizag,Mumbai,2.96,89.18,0.05,678.74,Low,Continue Monitoring,Normal
2026-08-09 10:40:41.728825,CONT_003,Dairy,Bengaluru,Pune,1.07,89.96,0.057,1471.01,Medium,Check Cooling System,Warning
2026-08-09 10:40:42.740109,CONT_003,Dairy,Bengaluru,Pune,2.66,81.81,0.027,1274.81,Low,Continue Monitoring,Normal
2026-08-09 10:40:43.745881,CONT_004,Fruits,Nagpur,Delhi,9.24,86.4,0.011,631.78,High,Immediate Inspection,Critical
2026-08-09 10:40:44.750202,CONT_003,Dairy,Bengaluru,Pune,3.78,81.94,0.048,793.38,Low,Continue Monitoring,Normal
2026-08-09 10:40:45.756970,CONT_002,Seafood,Vizag,Mumbai,3.86,65.65,0.08,1383.35,Medium,Check Cooling System,Warning
2026-08-09 10:40:46.763217,CONT_003,Dairy,Bengaluru,Pune,3.72,71.21,0.035,966.37,Low,Continue Monitoring,Normal
2026-08-09 10:40:47.768175,CONT_003,Dairy,Bengaluru,Pune,4.13,89.81,0.033,889.77,Low,Continue Monitoring,Normal
2026-08-09 10:40:48.773503,CONT_004,Fruits,Nagpur,Delhi,7.91,88.21,0.043,1456.71,Medium,Check Cooling System,Warning
2026-08-09 10:40:49.780664,CONT_003,Dairy,Bengaluru,Pune,1.96,83.02,0.011,1200.59,Low,Continue Monitoring,Normal
2026-08-09 10:40:50.785644,CONT_001,Vaccines,Hyderabad,Chennai,4.95,66.64,0.095,875.48,High,Immediate Inspection,Critical
2026-08-09 10:40:51.792006,CONT_002,Seafood,Vizag,Mumbai,-0.72,84.29,0.053,210.12,Medium,Check Cooling System,Warning
2026-08-09 10:40:52.796590,CONT_001,Vaccines,Hyderabad,Chennai,3.26,79.66,0.065,91.14,Medium,Check Cooling System,Warning
2026-08-09 10:40:53.803364,CONT_001,Vaccines,Hyderabad,Chennai,3.79,82.73,0.086,604.75,High,Immediate Inspection,Critical
2026-08-09 10:40:54.812582,CONT_002,Seafood,Vizag,Mumbai,3.98,67.43,0.08,1469.2,Medium,Check Cooling System,Warning
2026-08-09 10:40:55.819529,CONT_003,Dairy,Bengaluru,Pune,1.45,62.42,0.099,1452.04,High,Immediate Inspection,Critical
2026-08-09 10:40:56.825218,CONT_001,Vaccines,Hyderabad,Chennai,3.98,63.09,0.051,1191.23,Medium,Check Cooling System,Warning
2026-08-09 10:40:57.827252,CONT_004,Fruits,Nagpur,Delhi,8.35,82.16,0.019,1096.25,High,Immediate Inspection,Critical
2026-08-09 10:40:58.840280,CONT_004,Fruits,Nagpur,Delhi,11.2,66.24,0.015,307.19,High,Immediate Inspection,Critical
2026-08-09 10:40:59.846802,CONT_004,Fruits,Nagpur,Delhi,7.83,62.17,0.033,1489.71,Medium,Check Cooling System,Warning
2026-08-09 10:41:00.853089,CONT_004,Fruits,Nagpur,Delhi,9.75,80.09,0.052,1021.19,High,Immediate Inspection,Critical
2026-08-09 10:41:01.858649,CONT_004,Fruits,Nagpur,Delhi,5.66,82.66,0.071,453.52,Medium,Check Cooling System,Warning
2026-08-09 10:41:02.863325,CONT_001,Vaccines,Hyderabad,Chennai,5.99,67.99,0.031,380.79,Medium,Check Cooling System,Warning
2026-08-09 10:41:03.868498,CONT_004,Fruits,Nagpur,Delhi,4.24,68.94,0.088,718.42,High,Immediate Inspection,Critical
2026-08-09 10:41:04.871167,CONT_004,Fruits,Nagpur,Delhi,8.21,77.62,0.074,1365.77,High,Immediate Inspection,Critical
2026-08-09 10:41:05.884056,CONT_002,Seafood,Vizag,Mumbai,-0.39,75.66,0.085,894.4,High,Immediate Inspection,Critical
2026-08-09 10:41:06.890252,CONT_002,Seafood,Vizag,Mumbai,-0.33,71.21,0.041,621.35,Low,Continue Monitoring,Normal
2026-08-09 10:41:07.897354,CONT_003,Dairy,Bengaluru,Pune,3.73,79.54,0.086,1483.33,High,Immediate Inspection,Critical
2026-08-09 10:41:08.906656,CONT_001,Vaccines,Hyderabad,Chennai,3.78,69.27,0.059,602.18,Medium,Check Cooling System,Warning
2026-08-09 10:41:09.913301,CONT_004,Fruits,Nagpur,Delhi,9.24,64.25,0.064,1093.25,High,Immediate Inspection,Critical
2026-08-09 10:41:10.919293,CONT_002,Seafood,Vizag,Mumbai,1.07,68.83,0.075,360.47,Medium,Check Cooling System,Warning
2026-08-09 10:41:11.924925,CONT_004,Fruits,Nagpur,Delhi,8.48,64.74,0.035,783.36,High,Immediate Inspection,Critical
2026-08-09 10:41:12.932228,CONT_004,Fruits,Nagpur,Delhi,5.8,76.55,0.053,989.76,Medium,Check Cooling System,Warning
2026-08-09 10:41:13.939617,CONT_002,Seafood,Vizag,Mumbai,-0.73,72.06,0.066,369.11,Medium,Check Cooling System,Warning
2026-08-09 10:41:14.946314,CONT_002,Seafood,Vizag,Mumbai,-1.14,86.54,0.013,51.63,Low,Continue Monitoring,Normal
2026-08-09 10:41:15.953147,CONT_002,Seafood,Vizag,Mumbai,3.97,61.81,0.1,640.27,High,Immediate Inspection,Critical
2026-08-09 10:41:16.958178,CONT_003,Dairy,Bengaluru,Pune,1.93,88.93,0.058,302.07,Medium,Check Cooling System,Warning
2026-08-09 10:41:17.965033,CONT_001,Vaccines,Hyderabad,Chennai,5.21,72.64,0.094,1152.55,High,Immediate Inspection,Critical
2026-08-09 10:41:18.970823,CONT_003,Dairy,Bengaluru,Pune,1.65,76.93,0.037,572.36,Low,Continue Monitoring,Normal
2026-08-09 10:41:19.977551,CONT_004,Fruits,Nagpur,Delhi,6.99,82.68,0.097,622.46,High,Immediate Inspection,Critical
2026-08-09 10:41:20.985136,CONT_002,Seafood,Vizag,Mumbai,3.29,88.06,0.087,71.86,High,Immediate Inspection,Critical
2026-08-09 10:41:21.992360,CONT_003,Dairy,Bengaluru,Pune,2.39,72.12,0.013,719.91,Low,Continue Monitoring,Normal
2026-08-09 10:41:23.000734,CONT_001,Vaccines,Hyderabad,Chennai,2.24,60.34,0.052,198.23,Medium,Check Cooling System,Warning
2026-08-09 10:41:24.006797,CONT_001,Vaccines,Hyderabad,Chennai,7.52,73.0,0.097,1254.97,High,Immediate Inspection,Critical
2026-08-09 10:41:25.012407,CONT_001,Vaccines,Hyderabad,Chennai,6.7,66.53,0.082,682.01,High,Immediate Inspection,Critical
2026-08-09 10:41:26.020051,CONT_004,Fruits,Nagpur,Delhi,7.97,68.4,0.036,1259.74,Medium,Check Cooling System,Warning
2026-08-09 10:41:27.025806,CONT_002,Seafood,Vizag,Mumbai,0.62,72.08,0.022,103.45,Low,Continue Monitoring,Normal
2026-08-09 10:41:28.027173,CONT_003,Dairy,Bengaluru,Pune,4.79,82.93,0.018,152.43,Low,Continue Monitoring,Normal
2026-08-09 10:41:29.037128,CONT_004,Fruits,Nagpur,Delhi,8.38,86.53,0.027,438.88,High,Immediate Inspection,Critical
2026-08-09 10:41:30.044219,CONT_001,Vaccines,Hyderabad,Chennai,7.47,83.81,0.016,404.57,Medium,Check Cooling System,Warning
2026-08-09 10:41:31.050465,CONT_002,Seafood,Vizag,Mumbai,-0.65,66.28,0.027,152.24,Low,Continue Monitoring,Normal
2026-08-09 10:41:32.056544,CONT_002,Seafood,Vizag,Mumbai,2.87,79.27,0.012,775.47,Low,Continue Monitoring,Normal
2026-08-09 10:41:33.062093,CONT_003,Dairy,Bengaluru,Pune,1.29,84.99,0.031,532.99,Low,Continue Monitoring,Normal
2026-08-09 10:41:34.068130,CONT_004,Fruits,Nagpur,Delhi,4.97,79.09,0.087,100.09,High,Immediate Inspection,Critical
2026-08-09 10:41:35.074233,CONT_002,Seafood,Vizag,Mumbai,-0.68,89.6,0.055,1438.77,Medium,Check Cooling System,Warning
2026-08-09 10:41:36.080568,CONT_001,Vaccines,Hyderabad,Chennai,7.63,70.96,0.05,983.56,Medium,Check Cooling System,Warning
2026-08-09 10:41:37.086973,CONT_003,Dairy,Bengaluru,Pune,3.33,83.24,0.039,767.23,Low,Continue Monitoring,Normal
2026-08-09 10:41:38.092432,CONT_003,Dairy,Bengaluru,Pune,1.81,73.79,0.037,877.28,Low,Continue Monitoring,Normal
2026-08-09 10:41:39.099648,CONT_001,Vaccines,Hyderabad,Chennai,4.84,75.02,0.054,763.16,Medium,Check Cooling System,Warning
2026-08-09 10:41:40.106811,CONT_003,Dairy,Bengaluru,Pune,3.58,86.95,0.088,1256.69,High,Immediate Inspection,Critical
2026-08-09 10:41:41.113109,CONT_001,Vaccines,Hyderabad,Chennai,2.45,65.52,0.081,906.44,High,Immediate Inspection,Critical
2026-08-09 10:41:42.119305,CONT_002,Seafood,Vizag,Mumbai,0.54,74.95,0.04,151.72,Low,Continue Monitoring,Normal
2026-08-09 10:41:43.121654,CONT_001,Vaccines,Hyderabad,Chennai,5.05,70.23,0.04,125.6,Medium,Check Cooling System,Warning
2026-08-09 10:41:44.134177,CONT_002,Seafood,Vizag,Mumbai,2.53,79.25,0.051,586.6,Medium,Check Cooling System,Warning
2026-08-09 10:41:45.140888,CONT_004,Fruits,Nagpur,Delhi,6.2,77.49,0.026,999.26,Medium,Check Cooling System,Warning
2026-08-09 10:41:46.143786,CONT_001,Vaccines,Hyderabad,Chennai,7.7,79.89,0.052,519.31,Medium,Check Cooling System,Warning
2026-08-09 10:41:47.151999,CONT_004,Fruits,Nagpur,Delhi,11.36,69.05,0.097,881.16,High,Immediate Inspection,Critical
2026-08-09 10:41:48.160354,CONT_004,Fruits,Nagpur,Delhi,4.02,71.41,0.037,410.05,Low,Continue Monitoring,Normal
2026-08-09 10:41:49.166535,CONT_001,Vaccines,Hyderabad,Chennai,7.83,75.85,0.091,1325.38,High,Immediate Inspection,Critical
2026-08-09 10:41:50.171586,CONT_002,Seafood,Vizag,Mumbai,3.09,69.31,0.092,928.88,High,Immediate Inspection,Critical
2026-08-09 10:41:51.176544,CONT_004,Fruits,Nagpur,Delhi,6.66,74.36,0.087,527.05,High,Immediate Inspection,Critical
2026-08-09 10:41:52.185751,CONT_004,Fruits,Nagpur,Delhi,11.55,83.02,0.052,1209.47,High,Immediate Inspection,Critical
2026-08-09 10:41:53.191359,CONT_001,Vaccines,Hyderabad,Chennai,5.79,74.27,0.037,392.26,Medium,Check Cooling System,Warning
2026-08-09 10:41:54.198475,CONT_003,Dairy,Bengaluru,Pune,2.81,64.53,0.013,1048.42,Low,Continue Monitoring,Normal
2026-08-09 10:41:55.204429,CONT_004,Fruits,Nagpur,Delhi,9.19,87.94,0.021,1382.79,High,Immediate Inspection,Critical
2026-08-09 10:41:56.209801,CONT_003,Dairy,Bengaluru,Pune,2.97,85.05,0.061,704.94,Medium,Check Cooling System,Warning
2026-08-09 10:41:57.218314,CONT_001,Vaccines,Hyderabad,Chennai,7.08,81.94,0.052,52.1,Medium,Check Cooling System,Warning
2026-08-09 10:41:58.219370,CONT_003,Dairy,Bengaluru,Pune,1.37,68.82,0.043,1084.61,Low,Continue Monitoring,Normal
2026-08-09 10:41:59.230026,CONT_001,Vaccines,Hyderabad,Chennai,2.55,61.89,0.05,1219.25,Low,Continue Monitoring,Normal
2026-08-09 10:42:00.237771,CONT_004,Fruits,Nagpur,Delhi,5.73,87.89,0.088,213.29,High,Immediate Inspection,Critical
2026-08-09 10:42:01.244561,CONT_004,Fruits,Nagpur,Delhi,9.2,87.79,0.048,970.77,High,Immediate Inspection,Critical
2026-08-09 10:42:02.250887,CONT_003,Dairy,Bengaluru,Pune,3.83,89.96,0.095,966.97,High,Immediate Inspection,Critical
2026-08-09 10:42:03.257547,CONT_004,Fruits,Nagpur,Delhi,9.95,62.25,0.086,161.04,High,Immediate Inspection,Critical
2026-08-09 10:42:04.263802,CONT_004,Fruits,Nagpur,Delhi,10.23,64.72,0.054,774.09,High,Immediate Inspection,Critical
2026-08-09 10:42:05.269733,CONT_002,Seafood,Vizag,Mumbai,2.38,63.99,0.052,293.04,Medium,Check Cooling System,Warning
2026-08-09 10:42:06.273567,CONT_001,Vaccines,Hyderabad,Chennai,5.83,67.27,0.091,945.89,High,Immediate Inspection,Critical
2026-08-09 10:42:07.282052,CONT_001,Vaccines,Hyderabad,Chennai,6.59,86.83,0.045,938.24,Medium,Check Cooling System,Warning
2026-08-09 10:42:08.290151,CONT_001,Vaccines,Hyderabad,Chennai,6.03,70.52,0.011,1380.17,Medium,Check Cooling System,Warning
2026-08-09 10:42:09.296554,CONT_003,Dairy,Bengaluru,Pune,2.62,85.18,0.047,536.18,Low,Continue Monitoring,Normal
2026-08-09 10:42:10.301158,CONT_004,Fruits,Nagpur,Delhi,5.66,87.72,0.032,90.23,Medium,Check Cooling System,Warning
2026-08-09 10:42:11.309220,CONT_004,Fruits,Nagpur,Delhi,6.96,67.0,0.041,477.49,Medium,Check Cooling System,Warning
2026-08-09 10:42:12.315462,CONT_001,Vaccines,Hyderabad,Chennai,4.76,75.09,0.077,741.56,Medium,Check Cooling System,Warning
2026-08-09 10:42:13.321114,CONT_004,Fruits,Nagpur,Delhi,11.24,84.8,0.099,1436.5,High,Immediate Inspection,Critical
2026-08-09 10:42:14.328217,CONT_001,Vaccines,Hyderabad,Chennai,3.59,87.63,0.06,449.77,Medium,Check Cooling System,Warning
2026-08-09 10:42:15.334352,CONT_002,Seafood,Vizag,Mumbai,0.6,77.84,0.033,1313.81,Low,Continue Monitoring,Normal
2026-08-09 10:42:16.340059,CONT_003,Dairy,Bengaluru,Pune,1.44,83.1,0.059,1480.49,Medium,Check Cooling System,Warning
2026-08-09 10:42:17.346597,CONT_001,Vaccines,Hyderabad,Chennai,3.32,64.35,0.024,855.54,Low,Continue Monitoring,Normal
2026-08-09 10:42:18.352623,CONT_002,Seafood,Vizag,Mumbai,1.45,85.83,0.018,601.25,Low,Continue Monitoring,Normal
2026-08-09 10:42:19.357635,CONT_003,Dairy,Bengaluru,Pune,3.32,72.33,0.064,565.86,Medium,Check Cooling System,Warning
2026-08-09 10:42:20.364178,CONT_004,Fruits,Nagpur,Delhi,9.21,87.36,0.072,824.96,High,Immediate Inspection,Critical
2026-08-09 10:42:21.375464,CONT_004,Fruits,Nagpur,Delhi,8.0,70.95,0.064,687.99,Medium,Check Cooling System,Warning
2026-08-09 10:42:22.380871,CONT_001,Vaccines,Hyderabad,Chennai,3.35,70.28,0.073,422.73,Medium,Check Cooling System,Warning
2026-08-09 10:42:23.387496,CONT_004,Fruits,Nagpur,Delhi,6.78,76.18,0.016,1001.58,Medium,Check Cooling System,Warning
2026-08-09 10:42:24.394646,CONT_001,Vaccines,Hyderabad,Chennai,5.51,80.81,0.022,63.22,Medium,Check Cooling System,Warning
2026-08-09 10:42:25.401087,CONT_003,Dairy,Bengaluru,Pune,2.19,63.99,0.087,98.67,High,Immediate Inspection,Critical
2026-08-09 10:42:26.412019,CONT_003,Dairy,Bengaluru,Pune,1.3,64.45,0.084,1161.26,High,Immediate Inspection,Critical
2026-08-09 10:42:27.420840,CONT_002,Seafood,Vizag,Mumbai,3.72,74.87,0.056,449.88,Medium,Check Cooling System,Warning
2026-08-09 10:42:28.428276,CONT_004,Fruits,Nagpur,Delhi,9.45,60.33,0.062,1094.53,High,Immediate Inspection,Critical
2026-08-09 10:42:29.433552,CONT_002,Seafood,Vizag,Mumbai,-0.69,74.48,0.026,1043.77,Low,Continue Monitoring,Normal
2026-08-09 10:42:30.438656,CONT_001,Vaccines,Hyderabad,Chennai,2.44,76.98,0.067,514.94,Medium,Check Cooling System,Warning
2026-08-09 10:42:31.448787,CONT_003,Dairy,Bengaluru,Pune,1.0,88.16,0.059,691.33,Medium,Check Cooling System,Warning
2026-08-09 10:42:32.452876,CONT_002,Seafood,Vizag,Mumbai,2.8,88.64,0.029,1419.68,Low,Continue Monitoring,Normal
2026-08-09 10:42:33.462197,CONT_003,Dairy,Bengaluru,Pune,4.17,79.85,0.045,482.63,Low,Continue Monitoring,Normal
2026-08-09 10:42:34.467003,CONT_004,Fruits,Nagpur,Delhi,11.71,62.89,0.033,112.42,High,Immediate Inspection,Critical
2026-08-09 10:42:35.476821,CONT_002,Seafood,Vizag,Mumbai,1.93,71.77,0.045,408.58,Low,Continue Monitoring,Normal
2026-08-09 10:42:36.480971,CONT_002,Seafood,Vizag,Mumbai,3.04,70.9,0.02,1405.48,Low,Continue Monitoring,Normal
2026-08-09 10:42:37.490238,CONT_004,Fruits,Nagpur,Delhi,4.1,85.72,0.019,291.43,Low,Continue Monitoring,Normal
2026-08-09 10:42:38.498194,CONT_003,Dairy,Bengaluru,Pune,4.1,63.93,0.064,1477.15,Medium,Check Cooling System,Warning
2026-08-09 10:42:39.505250,CONT_004,Fruits,Nagpur,Delhi,6.08,82.37,0.044,1175.33,Medium,Check Cooling System,Warning
2026-08-09 10:42:40.511971,CONT_003,Dairy,Bengaluru,Pune,4.19,76.54,0.067,682.27,Medium,Check Cooling System,Warning
2026-08-09 10:42:41.517424,CONT_001,Vaccines,Hyderabad,Chennai,4.76,75.87,0.037,386.43,Low,Continue Monitoring,Normal
2026-08-09 10:42:42.521900,CONT_003,Dairy,Bengaluru,Pune,1.63,82.96,0.081,985.66,High,Immediate Inspection,Critical
2026-08-09 10:42:43.534370,CONT_002,Seafood,Vizag,Mumbai,3.66,89.69,0.049,680.46,Low,Continue Monitoring,Normal
2026-08-09 10:42:44.538811,CONT_001,Vaccines,Hyderabad,Chennai,6.92,71.25,0.08,893.24,Medium,Check Cooling System,Warning
2026-08-09 10:42:45.548780,CONT_002,Seafood,Vizag,Mumbai,-0.02,76.75,0.06,57.06,Medium,Check Cooling System,Warning
2026-08-09 10:42:46.558037,CONT_002,Seafood,Vizag,Mumbai,3.42,68.27,0.032,615.34,Low,Continue Monitoring,Normal
2026-08-09 10:42:47.565656,CONT_001,Vaccines,Hyderabad,Chennai,2.41,85.47,0.077,218.53,Medium,Check Cooling System,Warning
2026-08-09 10:42:48.569573,CONT_004,Fruits,Nagpur,Delhi,4.93,85.97,0.055,282.49,Medium,Check Cooling System,Warning
2026-08-09 10:43:30.262397,CONT_003,Dairy,Bengaluru,Pune,1.29,82.68,0.078,125.31,Medium,Check Cooling System,Warning
2026-08-09 10:43:31.292121,CONT_001,Vaccines,Hyderabad,Chennai,3.57,87.43,0.026,194.2,Low,Continue Monitoring,Normal
2026-08-09 10:43:32.296902,CONT_001,Vaccines,Hyderabad,Chennai,5.89,81.35,0.045,86.7,Medium,Check Cooling System,Warning
2026-08-09 10:43:33.303045,CONT_002,Seafood,Vizag,Mumbai,-1.41,72.96,0.076,1264.1,Medium,Check Cooling System,Warning
2026-08-09 10:43:34.304714,CONT_003,Dairy,Bengaluru,Pune,3.84,73.47,0.011,1094.53,Low,Continue Monitoring,Normal
2026-08-09 10:43:35.312437,CONT_002,Seafood,Vizag,Mumbai,2.56,88.5,0.064,1441.62,Medium,Check Cooling System,Warning
2026-08-09 10:43:36.318657,CONT_001,Vaccines,Hyderabad,Chennai,4.57,64.94,0.053,307.39,Medium,Check Cooling System,Warning
2026-08-09 10:43:37.323895,CONT_002,Seafood,Vizag,Mumbai,2.87,65.42,0.099,503.68,High,Immediate Inspection,Critical
2026-08-09 10:44:04.394179,CONT_004,Fruits,Nagpur,Delhi,8.85,83.42,0.035,711.25,High,Immediate Inspection,Critical
2026-08-09 10:44:05.401071,CONT_001,Vaccines,Hyderabad,Chennai,6.46,88.31,0.02,1337.76,Medium,Check Cooling System,Warning
2026-08-09 10:44:06.405552,CONT_002,Seafood,Vizag,Mumbai,-0.56,82.54,0.03,857.25,Low,Continue Monitoring,Normal
2026-08-09 10:44:07.414107,CONT_004,Fruits,Nagpur,Delhi,8.33,77.28,0.062,1242.03,High,Immediate Inspection,Critical
2026-08-09 10:44:08.420262,CONT_002,Seafood,Vizag,Mumbai,3.05,88.87,0.038,111.85,Low,Continue Monitoring,Normal
2026-08-09 10:44:09.428334,CONT_004,Fruits,Nagpur,Delhi,4.52,65.34,0.088,1359.41,High,Immediate Inspection,Critical
2026-08-09 10:44:10.434163,CONT_002,Seafood,Vizag,Mumbai,2.82,68.31,0.036,1267.07,Low,Continue Monitoring,Normal
2026-08-09 10:44:11.439853,CONT_001,Vaccines,Hyderabad,Chennai,3.71,61.21,0.01,743.75,Low,Continue Monitoring,Normal
2026-08-09 10:44:12.447024,CONT_003,Dairy,Bengaluru,Pune,2.27,80.72,0.085,303.93,High,Immediate Inspection,Critical
2026-08-09 10:44:13.453482,CONT_003,Dairy,Bengaluru,Pune,1.66,72.0,0.093,830.15,High,Immediate Inspection,Critical
2026-08-09 10:44:14.459470,CONT_004,Fruits,Nagpur,Delhi,9.36,62.17,0.042,31.59,High,Immediate Inspection,Critical
2026-08-09 10:44:15.466911,CONT_002,Seafood,Vizag,Mumbai,0.78,84.42,0.031,643.28,Low,Continue Monitoring,Normal
2026-08-09 10:44:16.472876,CONT_002,Seafood,Vizag,Mumbai,0.14,77.1,0.067,324.67,Medium,Check Cooling System,Warning
2026-08-09 10:44:17.480118,CONT_003,Dairy,Bengaluru,Pune,2.49,89.36,0.049,987.55,Low,Continue Monitoring,Normal
2026-08-09 10:44:18.486705,CONT_001,Vaccines,Hyderabad,Chennai,4.24,67.3,0.033,600.21,Low,Continue Monitoring,Normal
2026-08-09 10:44:19.492709,CONT_001,Vaccines,Hyderabad,Chennai,5.32,62.76,0.037,389.31,Medium,Check Cooling System,Warning
2026-08-09 10:44:20.496826,CONT_003,Dairy,Bengaluru,Pune,3.28,61.62,0.034,212.67,Low,Continue Monitoring,Normal
2026-08-09 10:44:21.505055,CONT_004,Fruits,Nagpur,Delhi,10.36,64.91,0.054,828.51,High,Immediate Inspection,Critical
2026-08-09 10:44:22.509663,CONT_001,Vaccines,Hyderabad,Chennai,4.65,74.6,0.094,513.3,High,Immediate Inspection,Critical
2026-08-09 10:44:23.516727,CONT_003,Dairy,Bengaluru,Pune,4.62,80.26,0.086,1069.23,High,Immediate Inspection,Critical
2026-08-09 10:44:24.521863,CONT_001,Vaccines,Hyderabad,Chennai,3.02,88.95,0.03,1015.9,Low,Continue Monitoring,Normal
2026-08-09 10:44:25.528665,CONT_001,Vaccines,Hyderabad,Chennai,7.76,71.46,0.021,1158.2,Medium,Check Cooling System,Warning
2026-08-09 10:44:26.534769,CONT_004,Fruits,Nagpur,Delhi,4.58,81.31,0.07,861.13,Medium,Check Cooling System,Warning
2026-08-09 10:44:27.542237,CONT_002,Seafood,Vizag,Mumbai,-0.93,69.46,0.025,169.36,Low,Continue Monitoring,Normal
2026-08-09 10:44:28.550863,CONT_001,Vaccines,Hyderabad,Chennai,3.8,68.18,0.07,835.98,Medium,Check Cooling System,Warning
2026-08-09 10:44:29.559096,CONT_002,Seafood,Vizag,Mumbai,1.94,80.62,0.06,302.81,Medium,Check Cooling System,Warning
2026-08-09 10:44:30.568515,CONT_003,Dairy,Bengaluru,Pune,2.4,69.94,0.012,429.29,Low,Continue Monitoring,Normal
2026-08-09 10:44:31.573558,CONT_003,Dairy,Bengaluru,Pune,2.67,82.39,0.086,830.19,High,Immediate Inspection,Critical
2026-08-09 10:44:32.580202,CONT_003,Dairy,Bengaluru,Pune,2.49,88.91,0.09,687.03,High,Immediate Inspection,Critical
2026-08-09 10:44:33.585696,CONT_002,Seafood,Vizag,Mumbai,1.66,63.78,0.051,569.46,Medium,Check Cooling System,Warning
2026-08-09 10:44:34.592808,CONT_003,Dairy,Bengaluru,Pune,2.47,70.6,0.057,92.87,Medium,Check Cooling System,Warning
2026-08-09 10:44:35.599844,CONT_002,Seafood,Vizag,Mumbai,0.12,81.37,0.016,705.67,Low,Continue Monitoring,Normal
2026-08-09 10:44:36.605364,CONT_002,Seafood,Vizag,Mumbai,0.26,79.35,0.044,970.51,Low,Continue Monitoring,Normal
2026-08-09 10:44:37.611403,CONT_004,Fruits,Nagpur,Delhi,5.09,66.46,0.061,806.04,Medium,Check Cooling System,Warning
2026-08-09 10:44:38.619268,CONT_001,Vaccines,Hyderabad,Chennai,3.41,66.86,0.042,1206.89,Low,Continue Monitoring,Normal
2026-08-09 10:44:39.627605,CONT_003,Dairy,Bengaluru,Pune,1.73,84.67,0.093,1027.25,High,Immediate Inspection,Critical
2026-08-09 10:44:40.634434,CONT_003,Dairy,Bengaluru,Pune,3.78,84.92,0.015,683.21,Low,Continue Monitoring,Normal
2026-08-09 10:44:41.638923,CONT_002,Seafood,Vizag,Mumbai,2.63,80.08,0.073,1396.49,Medium,Check Cooling System,Warning
2026-08-09 10:44:42.646552,CONT_001,Vaccines,Hyderabad,Chennai,4.11,77.74,0.049,780.08,Low,Continue Monitoring,Normal
2026-08-09 10:44:43.651400,CONT_001,Vaccines,Hyderabad,Chennai,6.8,65.47,0.021,691.47,Medium,Check Cooling System,Warning
2026-08-09 10:44:44.657939,CONT_004,Fruits,Nagpur,Delhi,9.74,86.78,0.048,1374.84,High,Immediate Inspection,Critical
2026-08-09 10:44:45.665318,CONT_004,Fruits,Nagpur,Delhi,5.61,83.71,0.059,1007.61,Medium,Check Cooling System,Warning
2026-08-09 10:44:46.672807,CONT_001,Vaccines,Hyderabad,Chennai,5.84,86.75,0.081,395.58,High,Immediate Inspection,Critical
2026-08-09 10:44:47.679157,CONT_002,Seafood,Vizag,Mumbai,-0.14,79.23,0.056,1474.76,Medium,Check Cooling System,Warning
2026-08-09 10:44:48.686927,CONT_002,Seafood,Vizag,Mumbai,-0.5,69.45,0.07,596.5,Medium,Check Cooling System,Warning
2026-08-09 10:44:49.692832,CONT_004,Fruits,Nagpur,Delhi,7.58,75.16,0.086,364.39,High,Immediate Inspection,Critical
2026-08-09 10:44:50.699209,CONT_001,Vaccines,Hyderabad,Chennai,2.63,66.27,0.063,1069.8,Medium,Check Cooling System,Warning
2026-08-09 10:44:51.707286,CONT_003,Dairy,Bengaluru,Pune,1.31,78.73,0.04,351.05,Low,Continue Monitoring,Normal
2026-08-09 10:44:52.715279,CONT_003,Dairy,Bengaluru,Pune,2.14,60.2,0.055,688.68,Medium,Check Cooling System,Warning
2026-08-09 10:44:53.720787,CONT_003,Dairy,Bengaluru,Pune,3.56,88.45,0.022,348.51,Low,Continue Monitoring,Normal
2026-08-09 10:44:54.727629,CONT_004,Fruits,Nagpur,Delhi,4.86,84.9,0.03,267.74,Low,Continue Monitoring,Normal
2026-08-09 10:44:55.733388,CONT_001,Vaccines,Hyderabad,Chennai,2.77,73.14,0.098,1373.39,High,Immediate Inspection,Critical
2026-08-09 10:44:56.739021,CONT_003,Dairy,Bengaluru,Pune,3.19,77.78,0.043,943.27,Low,Continue Monitoring,Normal
2026-08-09 10:44:57.746096,CONT_004,Fruits,Nagpur,Delhi,4.16,78.98,0.059,683.04,Medium,Check Cooling System,Warning
2026-08-09 10:44:58.751868,CONT_004,Fruits,Nagpur,Delhi,11.94,68.99,0.041,732.71,High,Immediate Inspection,Critical
2026-08-09 10:44:59.759343,CONT_001,Vaccines,Hyderabad,Chennai,7.19,80.22,0.089,536.93,High,Immediate Inspection,Critical
2026-08-09 10:45:00.769233,CONT_001,Vaccines,Hyderabad,Chennai,5.6,81.41,0.055,207.85,Medium,Check Cooling System,Warning
2026-08-09 10:45:01.775229,CONT_004,Fruits,Nagpur,Delhi,6.48,74.13,0.042,212.24,Medium,Check Cooling System,Warning
2026-08-09 10:45:02.781854,CONT_004,Fruits,Nagpur,Delhi,11.94,81.21,0.075,493.75,High,Immediate Inspection,Critical
2026-08-09 10:45:03.787784,CONT_003,Dairy,Bengaluru,Pune,1.09,74.51,0.026,242.31,Low,Continue Monitoring,Normal
2026-08-09 10:45:04.794334,CONT_002,Seafood,Vizag,Mumbai,3.9,75.37,0.074,537.54,Medium,Check Cooling System,Warning
2026-08-09 10:45:05.799943,CONT_004,Fruits,Nagpur,Delhi,6.78,61.56,0.022,1403.32,Medium,Check Cooling System,Warning
2026-08-09 10:45:06.805876,CONT_001,Vaccines,Hyderabad,Chennai,2.93,65.74,0.064,257.99,Medium,Check Cooling System,Warning
2026-08-09 10:45:07.813470,CONT_001,Vaccines,Hyderabad,Chennai,7.46,63.76,0.069,1343.4,Medium,Check Cooling System,Warning
2026-08-09 10:45:08.820721,CONT_004,Fruits,Nagpur,Delhi,11.77,84.2,0.036,772.99,High,Immediate Inspection,Critical
2026-08-09 10:45:09.826614,CONT_001,Vaccines,Hyderabad,Chennai,3.05,88.17,0.038,754.38,Low,Continue Monitoring,Normal
2026-08-09 10:45:10.832742,CONT_004,Fruits,Nagpur,Delhi,11.35,77.32,0.064,650.39,High,Immediate Inspection,Critical
2026-08-09 10:45:11.837911,CONT_001,Vaccines,Hyderabad,Chennai,7.08,81.76,0.042,1251.49,Medium,Check Cooling System,Warning
2026-08-09 10:45:12.848524,CONT_003,Dairy,Bengaluru,Pune,4.08,86.29,0.076,373.08,Medium,Check Cooling System,Warning
2026-08-09 10:45:13.858100,CONT_004,Fruits,Nagpur,Delhi,6.59,79.56,0.017,1276.25,Medium,Check Cooling System,Warning
2026-08-09 10:45:14.879173,CONT_002,Seafood,Vizag,Mumbai,0.59,68.47,0.09,1028.21,High,Immediate Inspection,Critical
2026-08-09 10:45:15.885435,CONT_001,Vaccines,Hyderabad,Chennai,2.98,84.84,0.068,1120.82,Medium,Check Cooling System,Warning
2026-08-09 10:45:16.890221,CONT_001,Vaccines,Hyderabad,Chennai,3.85,68.34,0.019,660.51,Low,Continue Monitoring,Normal
2026-08-09 10:45:17.899128,CONT_004,Fruits,Nagpur,Delhi,8.43,74.94,0.075,848.91,High,Immediate Inspection,Critical
2026-08-09 10:45:18.906380,CONT_001,Vaccines,Hyderabad,Chennai,2.06,74.39,0.053,310.15,Medium,Check Cooling System,Warning
2026-08-09 10:45:19.913063,CONT_003,Dairy,Bengaluru,Pune,1.15,60.71,0.092,1263.61,High,Immediate Inspection,Critical
2026-08-09 10:45:20.922430,CONT_001,Vaccines,Hyderabad,Chennai,2.62,84.04,0.058,1130.51,Medium,Check Cooling System,Warning
2026-08-09 10:45:21.927357,CONT_002,Seafood,Vizag,Mumbai,2.74,87.48,0.073,1204.48,Medium,Check Cooling System,Warning
2026-08-09 10:45:22.933964,CONT_001,Vaccines,Hyderabad,Chennai,3.9,73.53,0.073,239.79,Medium,Check Cooling System,Warning
2026-08-09 10:45:23.940098,CONT_003,Dairy,Bengaluru,Pune,4.73,60.52,0.022,1245.18,Low,Continue Monitoring,Normal
2026-08-09 10:45:24.944525,CONT_001,Vaccines,Hyderabad,Chennai,7.92,73.35,0.036,1180.19,Medium,Check Cooling System,Warning
2026-08-09 10:45:25.952674,CONT_003,Dairy,Bengaluru,Pune,2.26,82.31,0.085,1132.06,High,Immediate Inspection,Critical
2026-08-09 10:45:26.960545,CONT_004,Fruits,Nagpur,Delhi,11.71,76.61,0.011,656.08,High,Immediate Inspection,Critical
2026-08-09 10:45:27.966510,CONT_003,Dairy,Bengaluru,Pune,1.77,69.97,0.039,694.57,Low,Continue Monitoring,Normal
2026-08-09 10:45:28.974122,CONT_003,Dairy,Bengaluru,Pune,4.03,62.71,0.035,1304.43,Low,Continue Monitoring,Normal
2026-08-09 10:45:29.980371,CONT_002,Seafood,Vizag,Mumbai,3.61,79.6,0.082,1470.42,High,Immediate Inspection,Critical
2026-08-09 10:45:30.983915,CONT_004,Fruits,Nagpur,Delhi,9.41,85.02,0.073,690.48,High,Immediate Inspection,Critical
2026-08-09 10:45:31.988115,CONT_003,Dairy,Bengaluru,Pune,4.18,71.59,0.091,1402.22,High,Immediate Inspection,Critical
2026-08-09 10:45:32.991245,CONT_001,Vaccines,Hyderabad,Chennai,7.66,88.26,0.094,1233.65,High,Immediate Inspection,Critical
2026-08-09 10:45:33.994491,CONT_001,Vaccines,Hyderabad,Chennai,2.78,66.92,0.071,135.66,Medium,Check Cooling System,Warning
2026-08-09 10:45:34.998049,CONT_001,Vaccines,Hyderabad,Chennai,4.44,74.82,0.082,436.08,High,Immediate Inspection,Critical
2026-08-09 10:45:36.001498,CONT_002,Seafood,Vizag,Mumbai,3.94,84.05,0.073,204.91,Medium,Check Cooling System,Warning
2026-08-09 10:45:37.004933,CONT_004,Fruits,Nagpur,Delhi,11.25,69.45,0.092,1101.89,High,Immediate Inspection,Critical
2026-08-09 10:45:38.006366,CONT_004,Fruits,Nagpur,Delhi,9.16,83.02,0.071,1094.08,High,Immediate Inspection,Critical
2026-08-09 10:45:39.010038,CONT_002,Seafood,Vizag,Mumbai,-1.98,72.63,0.053,1165.38,Medium,Check Cooling System,Warning
2026-08-09 10:45:40.013485,CONT_003,Dairy,Bengaluru,Pune,3.22,77.97,0.058,459.51,Medium,Check Cooling System,Warning
2026-08-09 10:45:41.016867,CONT_002,Seafood,Vizag,Mumbai,2.81,83.99,0.079,900.3,Medium,Check Cooling System,Warning
2026-08-09 10:45:42.019241,CONT_002,Seafood,Vizag,Mumbai,3.44,64.33,0.076,23.93,Medium,Check Cooling System,Warning
2026-08-09 10:45:43.022424,CONT_001,Vaccines,Hyderabad,Chennai,6.38,77.71,0.088,1109.87,High,Immediate Inspection,Critical
2026-08-09 10:45:44.025722,CONT_004,Fruits,Nagpur,Delhi,6.75,75.1,0.082,884.8,High,Immediate Inspection,Critical
2026-08-09 10:45:45.028465,CONT_004,Fruits,Nagpur,Delhi,11.55,86.79,0.066,1303.49,High,Immediate Inspection,Critical
2026-08-09 10:45:46.031807,CONT_002,Seafood,Vizag,Mumbai,1.65,66.35,0.039,81.77,Low,Continue Monitoring,Normal
2026-08-09 10:45:47.035382,CONT_003,Dairy,Bengaluru,Pune,4.39,63.76,0.06,97.79,Medium,Check Cooling System,Warning
2026-08-09 10:45:48.038783,CONT_004,Fruits,Nagpur,Delhi,7.16,85.79,0.076,507.25,Medium,Check Cooling System,Warning
2026-08-09 10:45:49.041989,CONT_002,Seafood,Vizag,Mumbai,0.69,79.45,0.084,702.07,High,Immediate Inspection,Critical
2026-08-09 10:45:50.044444,CONT_004,Fruits,Nagpur,Delhi,6.04,61.11,0.059,1294.98,Medium,Check Cooling System,Warning
2026-08-09 10:45:51.048810,CONT_004,Fruits,Nagpur,Delhi,7.54,71.93,0.077,926.47,Medium,Check Cooling System,Warning
2026-08-09 10:45:52.052004,CONT_004,Fruits,Nagpur,Delhi,10.56,76.44,0.058,393.03,High,Immediate Inspection,Critical
2026-08-09 10:45:53.054818,CONT_004,Fruits,Nagpur,Delhi,6.13,64.43,0.053,118.23,Medium,Check Cooling System,Warning
2026-08-09 10:45:54.058514,CONT_003,Dairy,Bengaluru,Pune,2.58,81.37,0.019,1318.73,Low,Continue Monitoring,Normal
2026-08-09 10:45:55.061863,CONT_003,Dairy,Bengaluru,Pune,4.16,64.95,0.066,1255.43,Medium,Check Cooling System,Warning
2026-08-09 10:45:56.065117,CONT_003,Dairy,Bengaluru,Pune,3.38,84.29,0.083,1073.51,High,Immediate Inspection,Critical
2026-08-09 10:45:57.067546,CONT_002,Seafood,Vizag,Mumbai,2.04,73.06,0.064,394.54,Medium,Check Cooling System,Warning
2026-08-09 10:45:58.070616,CONT_003,Dairy,Bengaluru,Pune,3.79,61.94,0.086,187.12,High,Immediate Inspection,Critical
2026-08-09 10:45:59.074332,CONT_002,Seafood,Vizag,Mumbai,-1.72,77.23,0.019,909.26,Low,Continue Monitoring,Normal
2026-08-09 10:46:00.077725,CONT_002,Seafood,Vizag,Mumbai,3.35,69.98,0.032,318.84,Low,Continue Monitoring,Normal
2026-08-09 10:46:01.080735,CONT_001,Vaccines,Hyderabad,Chennai,7.26,73.93,0.064,287.11,Medium,Check Cooling System,Warning
2026-08-09 10:46:02.083759,CONT_001,Vaccines,Hyderabad,Chennai,7.55,84.98,0.07,1129.81,Medium,Check Cooling System,Warning
2026-08-09 10:46:03.086781,CONT_003,Dairy,Bengaluru,Pune,4.56,63.77,0.034,445.12,Low,Continue Monitoring,Normal
2026-08-09 10:46:04.089983,CONT_003,Dairy,Bengaluru,Pune,2.89,72.53,0.079,425.19,Medium,Check Cooling System,Warning
2026-08-09 10:46:05.093172,CONT_002,Seafood,Vizag,Mumbai,0.54,77.72,0.059,1330.39,Medium,Check Cooling System,Warning
2026-08-09 10:46:06.095784,CONT_002,Seafood,Vizag,Mumbai,3.92,78.24,0.069,1047.81,Medium,Check Cooling System,Warning
2026-08-09 10:46:07.099869,CONT_004,Fruits,Nagpur,Delhi,8.36,70.71,0.028,995.2,High,Immediate Inspection,Critical
2026-08-09 10:46:08.103603,CONT_001,Vaccines,Hyderabad,Chennai,5.48,83.34,0.057,458.38,Medium,Check Cooling System,Warning
2026-08-09 10:46:09.106493,CONT_002,Seafood,Vizag,Mumbai,1.39,76.3,0.047,200.63,Low,Continue Monitoring,Normal
2026-08-09 10:46:10.109356,CONT_004,Fruits,Nagpur,Delhi,10.5,85.68,0.051,507.84,High,Immediate Inspection,Critical
2026-08-09 10:46:11.112263,CONT_004,Fruits,Nagpur,Delhi,10.11,76.43,0.063,1294.39,High,Immediate Inspection,Critical
2026-08-09 10:46:12.115908,CONT_004,Fruits,Nagpur,Delhi,10.32,78.67,0.095,827.14,High,Immediate Inspection,Critical
2026-08-09 10:46:13.118637,CONT_001,Vaccines,Hyderabad,Chennai,3.58,68.31,0.064,966.72,Medium,Check Cooling System,Warning
2026-08-09 10:46:14.121807,CONT_002,Seafood,Vizag,Mumbai,1.18,88.22,0.094,1284.95,High,Immediate Inspection,Critical
2026-08-09 10:46:15.125286,CONT_004,Fruits,Nagpur,Delhi,11.79,71.85,0.041,1300.47,High,Immediate Inspection,Critical
2026-08-09 10:46:16.128625,CONT_003,Dairy,Bengaluru,Pune,4.63,78.09,0.011,352.3,Low,Continue Monitoring,Normal
2026-08-09 10:46:17.132020,CONT_003,Dairy,Bengaluru,Pune,3.44,83.0,0.041,848.09,Low,Continue Monitoring,Normal
2026-08-09 10:46:18.135070,CONT_001,Vaccines,Hyderabad,Chennai,6.78,81.94,0.098,432.66,High,Immediate Inspection,Critical
2026-08-09 10:46:19.138154,CONT_001,Vaccines,Hyderabad,Chennai,7.52,84.44,0.029,557.32,Medium,Check Cooling System,Warning
2026-08-09 10:46:20.141514,CONT_003,Dairy,Bengaluru,Pune,4.72,86.1,0.058,479.53,Medium,Check Cooling System,Warning
2026-08-09 10:46:21.144935,CONT_003,Dairy,Bengaluru,Pune,4.8,85.78,0.021,294.85,Low,Continue Monitoring,Normal
2026-08-09 10:46:22.148218,CONT_003,Dairy,Bengaluru,Pune,1.56,67.05,0.015,1143.53,Low,Continue Monitoring,Normal
2026-08-09 10:46:23.150507,CONT_004,Fruits,Nagpur,Delhi,4.86,76.69,0.09,331.74,High,Immediate Inspection,Critical
2026-08-09 10:46:24.154444,CONT_001,Vaccines,Hyderabad,Chennai,3.27,75.63,0.087,1008.12,High,Immediate Inspection,Critical
2026-08-09 10:46:25.157633,CONT_001,Vaccines,Hyderabad,Chennai,4.68,86.11,0.065,110.21,Medium,Check Cooling System,Warning
2026-08-09 10:46:26.161480,CONT_001,Vaccines,Hyderabad,Chennai,4.91,65.38,0.026,231.16,Low,Continue Monitoring,Normal
2026-08-09 10:46:27.165036,CONT_004,Fruits,Nagpur,Delhi,8.35,63.08,0.097,1104.6,High,Immediate Inspection,Critical
2026-08-09 10:46:28.167094,CONT_002,Seafood,Vizag,Mumbai,1.13,87.15,0.039,1014.0,Low,Continue Monitoring,Normal
2026-08-09 10:46:29.170696,CONT_002,Seafood,Vizag,Mumbai,2.19,84.87,0.035,626.73,Low,Continue Monitoring,Normal
2026-08-09 10:46:30.174086,CONT_002,Seafood,Vizag,Mumbai,3.36,72.0,0.03,68.36,Low,Continue Monitoring,Normal
2026-08-09 10:46:31.177079,CONT_004,Fruits,Nagpur,Delhi,5.3,77.04,0.055,583.86,Medium,Check Cooling System,Warning
2026-08-09 10:46:32.179999,CONT_003,Dairy,Bengaluru,Pune,2.68,79.47,0.086,628.4,High,Immediate Inspection,Critical
2026-08-09 10:46:33.183809,CONT_003,Dairy,Bengaluru,Pune,3.83,60.81,0.048,825.13,Low,Continue Monitoring,Normal
2026-08-09 10:46:34.186843,CONT_004,Fruits,Nagpur,Delhi,7.49,62.41,0.076,38.91,Medium,Check Cooling System,Warning
2026-08-09 10:46:35.190286,CONT_002,Seafood,Vizag,Mumbai,-1.48,76.76,0.037,878.0,Low,Continue Monitoring,Normal
2026-08-09 10:46:36.192978,CONT_003,Dairy,Bengaluru,Pune,3.42,63.13,0.042,450.01,Low,Continue Monitoring,Normal
2026-08-09 10:46:37.196638,CONT_004,Fruits,Nagpur,Delhi,10.95,79.58,0.093,37.21,High,Immediate Inspection,Critical
2026-08-09 10:46:38.199433,CONT_001,Vaccines,Hyderabad,Chennai,4.05,72.14,0.014,1442.38,Low,Continue Monitoring,Normal
2026-08-09 10:46:39.202455,CONT_001,Vaccines,Hyderabad,Chennai,4.45,84.65,0.088,359.87,High,Immediate Inspection,Critical
2026-08-09 10:46:40.206197,CONT_002,Seafood,Vizag,Mumbai,0.88,61.55,0.011,463.03,Low,Continue Monitoring,Normal
2026-08-09 10:46:41.208960,CONT_003,Dairy,Bengaluru,Pune,3.06,63.39,0.013,237.7,Low,Continue Monitoring,Normal
2026-08-09 10:46:42.212785,CONT_002,Seafood,Vizag,Mumbai,3.23,67.91,0.051,413.5,Medium,Check Cooling System,Warning
2026-08-09 10:46:43.215867,CONT_001,Vaccines,Hyderabad,Chennai,6.8,86.29,0.065,147.83,Medium,Check Cooling System,Warning
2026-08-09 10:46:44.219071,CONT_002,Seafood,Vizag,Mumbai,-1.36,67.65,0.096,805.03,High,Immediate Inspection,Critical
2026-08-09 10:46:45.222206,CONT_001,Vaccines,Hyderabad,Chennai,6.64,89.64,0.034,1352.55,Medium,Check Cooling System,Warning
2026-08-09 10:46:46.224855,CONT_004,Fruits,Nagpur,Delhi,5.38,74.36,0.056,39.87,Medium,Check Cooling System,Warning
2026-08-09 10:46:47.228282,CONT_004,Fruits,Nagpur,Delhi,10.48,74.37,0.097,671.74,High,Immediate Inspection,Critical
2026-08-09 10:46:48.231568,CONT_004,Fruits,Nagpur,Delhi,11.29,88.06,0.013,952.72,High,Immediate Inspection,Critical
2026-08-09 10:46:49.234647,CONT_003,Dairy,Bengaluru,Pune,1.46,76.47,0.041,1344.01,Low,Continue Monitoring,Normal
2026-08-09 10:46:50.237839,CONT_003,Dairy,Bengaluru,Pune,2.55,66.5,0.016,411.32,Low,Continue Monitoring,Normal
2026-08-09 10:46:51.242467,CONT_002,Seafood,Vizag,Mumbai,0.95,60.53,0.019,226.0,Low,Continue Monitoring,Normal
2026-08-09 10:46:52.246830,CONT_002,Seafood,Vizag,Mumbai,3.52,71.05,0.058,246.84,Medium,Check Cooling System,Warning
2026-08-09 10:46:53.249842,CONT_004,Fruits,Nagpur,Delhi,7.32,89.01,0.023,480.68,Medium,Check Cooling System,Warning
2026-08-09 10:46:54.253201,CONT_004,Fruits,Nagpur,Delhi,7.99,64.43,0.036,520.77,Medium,Check Cooling System,Warning
2026-08-09 10:46:55.256831,CONT_001,Vaccines,Hyderabad,Chennai,6.22,60.07,0.029,352.14,Medium,Check Cooling System,Warning
2026-08-09 10:46:56.260549,CONT_001,Vaccines,Hyderabad,Chennai,7.94,86.36,0.062,494.17,Medium,Check Cooling System,Warning
2026-08-09 10:46:57.263408,CONT_004,Fruits,Nagpur,Delhi,5.06,60.95,0.089,494.27,High,Immediate Inspection,Critical
2026-08-09 10:46:58.266754,CONT_003,Dairy,Bengaluru,Pune,3.22,85.97,0.095,191.44,High,Immediate Inspection,Critical
2026-08-09 10:46:59.269578,CONT_003,Dairy,Bengaluru,Pune,2.32,71.29,0.088,95.5,High,Immediate Inspection,Critical
2026-08-09 10:47:00.273632,CONT_002,Seafood,Vizag,Mumbai,0.59,77.86,0.035,364.12,Low,Continue Monitoring,Normal
2026-08-09 10:47:01.276254,CONT_004,Fruits,Nagpur,Delhi,5.07,86.81,0.078,1328.85,Medium,Check Cooling System,Warning
2026-08-09 10:47:02.280189,CONT_004,Fruits,Nagpur,Delhi,7.76,66.96,0.074,391.91,Medium,Check Cooling System,Warning
2026-08-09 10:47:03.283208,CONT_002,Seafood,Vizag,Mumbai,2.66,74.81,0.01,1435.09,Low,Continue Monitoring,Normal
2026-08-09 10:47:04.286165,CONT_002,Seafood,Vizag,Mumbai,1.21,76.06,0.012,1462.53,Low,Continue Monitoring,Normal
2026-08-09 10:47:05.289330,CONT_002,Seafood,Vizag,Mumbai,-0.78,60.64,0.08,1408.64,Medium,Check Cooling System,Warning
2026-08-09 10:47:06.293040,CONT_004,Fruits,Nagpur,Delhi,4.22,68.95,0.034,378.6,Low,Continue Monitoring,Normal
2026-08-09 10:47:07.295974,CONT_003,Dairy,Bengaluru,Pune,4.26,84.07,0.035,765.67,Low,Continue Monitoring,Normal
2026-08-09 10:47:08.298578,CONT_004,Fruits,Nagpur,Delhi,6.03,78.53,0.067,1267.32,Medium,Check Cooling System,Warning
2026-08-09 10:47:09.302558,CONT_003,Dairy,Bengaluru,Pune,3.04,87.76,0.067,844.62,Medium,Check Cooling System,Warning
